ProductID,ProductName,Category,Price
1,assume,Books,5267
2,main,Furniture,3204
3,final,Clothing,2079
4,serious,Clothing,932
5,together,Furniture,2869
6,weight,Books,8624
7,face,Furniture,3681
8,learn,Electronics,3172
9,away,Clothing,2716
10,word,Electronics,1872
11,development,Furniture,6251
12,positive,Furniture,5359
13,like,Clothing,7607
14,who,Books,9579
15,cold,Furniture,7646
16,then,Clothing,1350
17,figure,Clothing,1280
18,four,Books,2085
19,strategy,Electronics,8175
20,scientist,Furniture,9272
21,natural,Electronics,213
22,husband,Clothing,6992
23,into,Clothing,4623
24,so,Clothing,1507
25,college,Clothing,550
26,event,Clothing,62
27,speak,Furniture,9135
28,be,Clothing,3166
29,song,Furniture,1737
30,call,Electronics,9098
31,south,Electronics,844
32,heavy,Electronics,4583
33,pressure,Furniture,3548
34,value,Electronics,3161
35,nature,Books,7661
36,parent,Books,6876
37,we,Electronics,8907
38,husband,Furniture,2867
39,hot,Clothing,3076
40,professional,Books,4481
41,professional,Books,9390
42,will,Books,5095
43,wife,Furniture,9329
44,beat,Electronics,9465
45,interest,Books,6334
46,need,Clothing,1887
47,truth,Clothing,9752
48,its,Clothing,3308
49,more,Furniture,3642
50,arrive,Electronics,8746
51,management,Books,986
52,building,Clothing,9635
53,consider,Furniture,808
54,her,Electronics,6938
55,across,Furniture,4715
56,cell,Furniture,5806
57,affect,Clothing,4887
58,manage,Clothing,4138
59,care,Books,7481
60,this,Furniture,6399
61,meeting,Electronics,1139
62,morning,Furniture,3496
63,smile,Furniture,3264
64,perhaps,Books,1723
65,painting,Electronics,4033
66,dinner,Electronics,88
67,near,Electronics,7667
68,finally,Electronics,8806
69,center,Electronics,7274
70,agreement,Books,577
71,main,Furniture,8945
72,arm,Furniture,1057
73,door,Furniture,658
74,conference,Clothing,668
75,product,Clothing,5192
76,word,Furniture,648
77,room,Electronics,4619
78,short,Books,9402
79,street,Furniture,8217
80,family,Books,7547
81,treat,Electronics,3786
82,card,Clothing,2349
83,end,Clothing,5217
84,whom,Furniture,6376
85,discussion,Furniture,4022
86,beyond,Electronics,8628
87,various,Clothing,1091
88,tree,Furniture,1394
89,tree,Electronics,5832
90,career,Electronics,9797
91,important,Books,2747
92,leg,Electronics,4301
93,space,Books,1748
94,culture,Clothing,5779
95,approach,Furniture,2254
96,why,Books,8473
97,store,Furniture,6699
98,meeting,Furniture,6552
99,owner,Furniture,7876
100,personal,Clothing,9127
101,six,Clothing,1350
102,tax,Electronics,5871
103,country,Electronics,8623
104,lawyer,Books,3308
105,current,Books,686
106,where,Electronics,3577
107,most,Books,7445
108,contain,Books,4521
109,voice,Electronics,3305
110,whether,Books,8566
111,crime,Electronics,6178
112,live,Clothing,9874
113,a,Clothing,3026
114,wonder,Electronics,6245
115,generation,Electronics,5425
116,effort,Clothing,8699
117,she,Books,7639
118,determine,Books,2459
119,lot,Books,9134
120,reflect,Furniture,1960
121,themselves,Books,6058
122,between,Electronics,437
123,east,Electronics,7559
124,next,Electronics,3639
125,bring,Clothing,1556
126,cost,Clothing,738
127,experience,Electronics,426
128,early,Electronics,2456
129,issue,Electronics,5561
130,stay,Books,4766
131,building,Furniture,6273
132,street,Books,4810
133,actually,Furniture,9332
134,rather,Books,8183
135,set,Books,7843
136,professional,Electronics,8030
137,decision,Books,1961
138,job,Books,4171
139,seven,Electronics,8996
140,mind,Electronics,8978
141,manage,Books,8620
142,method,Electronics,5492
143,stand,Furniture,5438
144,throw,Electronics,9593
145,college,Electronics,5537
146,keep,Clothing,542
147,explain,Furniture,8784
148,design,Books,3350
149,possible,Clothing,3187
150,yeah,Books,2420
151,serve,Electronics,2739
152,spring,Books,940
153,around,Electronics,9768
154,push,Electronics,6499
155,somebody,Electronics,1796
156,expect,Electronics,6589
157,try,Books,2019
158,tree,Furniture,4516
159,nothing,Electronics,1499
160,though,Clothing,5656
161,so,Electronics,3622
162,oil,Clothing,884
163,measure,Clothing,3084
164,movement,Clothing,4150
165,paper,Furniture,9772
166,good,Books,7699
167,car,Electronics,4460
168,indicate,Books,7419
169,whole,Clothing,2033
170,health,Clothing,8578
171,let,Clothing,7251
172,military,Books,8669
173,enough,Books,7086
174,card,Furniture,6442
175,degree,Clothing,8926
176,others,Books,3252
177,dream,Books,6122
178,range,Electronics,3201
179,pressure,Clothing,6
180,simple,Books,213
181,firm,Books,1468
182,others,Clothing,2070
183,off,Clothing,1866
184,realize,Clothing,9321
185,mean,Electronics,9474
186,main,Electronics,3946
187,baby,Furniture,8529
188,course,Clothing,5941
189,know,Clothing,7171
190,nothing,Furniture,5493
191,especially,Electronics,835
192,evidence,Electronics,4817
193,she,Books,2911
194,good,Books,7957
195,wait,Clothing,4636
196,hundred,Electronics,3323
197,baby,Furniture,5678
198,black,Books,3450
199,hospital,Electronics,7025
200,television,Books,7944
201,agree,Furniture,4495
202,measure,Books,500
203,one,Electronics,6636
204,top,Clothing,9123
205,strategy,Books,6535
206,open,Books,562
207,follow,Clothing,4321
208,above,Electronics,2545
209,station,Clothing,7201
210,rock,Electronics,268
211,save,Clothing,586
212,result,Books,4577
213,hotel,Furniture,1414
214,exist,Books,9039
215,smile,Books,5257
216,individual,Furniture,4711
217,activity,Books,5519
218,service,Furniture,1685
219,same,Furniture,3854
220,skill,Books,4914
221,election,Electronics,7281
222,care,Furniture,6765
223,several,Electronics,827
224,also,Electronics,8319
225,move,Furniture,9394
226,art,Furniture,8980
227,before,Electronics,3637
228,arm,Clothing,2500
229,share,Furniture,2796
230,point,Books,3827
231,public,Clothing,8772
232,throughout,Furniture,6435
233,improve,Books,8539
234,population,Furniture,5577
235,walk,Books,972
236,team,Books,5329
237,out,Clothing,6935
238,majority,Clothing,6757
239,outside,Clothing,3139
240,we,Furniture,8518
241,focus,Clothing,6104
242,agree,Books,8090
243,choice,Books,9317
244,check,Electronics,7106
245,ask,Electronics,4737
246,order,Clothing,8485
247,minute,Clothing,8724
248,very,Clothing,8837
249,relate,Electronics,2481
250,would,Furniture,2680
251,sign,Furniture,9013
252,appear,Clothing,1968
253,threat,Books,6065
254,up,Clothing,6594
255,trip,Electronics,7807
256,prevent,Electronics,9008
257,policy,Clothing,6626
258,money,Clothing,4916
259,case,Books,9811
260,majority,Clothing,5078
261,we,Books,4321
262,language,Electronics,169
263,ten,Books,4934
264,mind,Electronics,624
265,much,Electronics,1452
266,anyone,Books,445
267,pattern,Furniture,2706
268,notice,Furniture,7633
269,court,Furniture,5500
270,couple,Furniture,4910
271,six,Books,8830
272,anything,Books,6620
273,garden,Clothing,743
274,high,Electronics,9236
275,central,Furniture,1924
276,outside,Electronics,3037
277,PM,Books,9971
278,explain,Clothing,2856
279,rest,Clothing,2098
280,back,Furniture,6947
281,much,Electronics,540
282,here,Books,864
283,clearly,Clothing,6070
284,look,Clothing,2660
285,sister,Books,3681
286,technology,Electronics,7299
287,woman,Furniture,77
288,serious,Clothing,3221
289,message,Clothing,2295
290,scene,Books,4185
291,mean,Books,5265
292,lawyer,Clothing,856
293,break,Clothing,8888
294,leader,Clothing,635
295,example,Clothing,689
296,hold,Electronics,4363
297,window,Furniture,771
298,among,Books,4122
299,store,Furniture,3792
300,its,Furniture,8197
301,itself,Books,4168
302,voice,Books,7675
303,green,Books,8449
304,west,Clothing,7749
305,image,Clothing,8304
306,hold,Books,3437
307,again,Furniture,7919
308,particularly,Books,1958
309,threat,Books,8382
310,if,Electronics,2029
311,term,Clothing,5067
312,as,Electronics,3149
313,laugh,Books,4560
314,black,Electronics,4989
315,full,Electronics,4951
316,conference,Electronics,8196
317,act,Furniture,533
318,nothing,Books,8352
319,film,Books,9553
320,star,Electronics,8136
321,recently,Furniture,9367
322,wide,Furniture,7067
323,especially,Electronics,2235
324,leader,Books,8604
325,help,Books,4726
326,compare,Furniture,5829
327,national,Clothing,997
328,seem,Furniture,1073
329,explain,Furniture,2260
330,writer,Clothing,2432
331,smile,Furniture,6132
332,voice,Clothing,2522
333,professor,Books,9579
334,big,Books,3709
335,while,Clothing,338
336,none,Clothing,1112
337,local,Electronics,3346
338,and,Furniture,9305
339,happen,Furniture,9414
340,be,Books,7460
341,dark,Electronics,24
342,wall,Furniture,3014
343,miss,Clothing,8065
344,turn,Books,3120
345,affect,Furniture,9804
346,order,Books,5610
347,collection,Furniture,9024
348,environment,Furniture,1712
349,we,Clothing,6517
350,fill,Electronics,1718
351,upon,Electronics,2782
352,factor,Clothing,7923
353,grow,Books,9653
354,community,Furniture,9787
355,growth,Clothing,1933
356,really,Electronics,8200
357,sure,Books,8123
358,approach,Books,5187
359,west,Books,823
360,cover,Electronics,1775
361,doctor,Furniture,4618
362,question,Electronics,7182
363,watch,Clothing,8784
364,rate,Clothing,7904
365,attention,Books,2418
366,hour,Furniture,5716
367,film,Electronics,8048
368,interest,Electronics,4784
369,away,Electronics,926
370,seek,Books,6811
371,movie,Furniture,7205
372,floor,Furniture,9199
373,yeah,Furniture,9833
374,fear,Books,2524
375,list,Electronics,198
376,ball,Furniture,3930
377,exactly,Electronics,3135
378,century,Clothing,1504
379,century,Books,9443
380,some,Clothing,40
381,kind,Clothing,2394
382,easy,Furniture,3623
383,carry,Electronics,5332
384,when,Books,9276
385,central,Furniture,7282
386,skin,Clothing,2808
387,expert,Clothing,3260
388,easy,Electronics,142
389,really,Electronics,5867
390,help,Furniture,6219
391,establish,Books,2879
392,strategy,Clothing,4837
393,describe,Furniture,6198
394,body,Clothing,6105
395,act,Clothing,5415
396,section,Books,7031
397,ball,Clothing,3718
398,write,Furniture,5247
399,possible,Electronics,8843
400,though,Furniture,6705
401,really,Electronics,1880
402,sell,Electronics,9505
403,in,Furniture,1457
404,research,Electronics,4948
405,media,Clothing,8245
406,quickly,Books,8982
407,loss,Books,8287
408,consider,Books,5259
409,plan,Books,2579
410,can,Books,1218
411,answer,Clothing,3698
412,last,Electronics,1680
413,air,Furniture,2373
414,hand,Electronics,9251
415,local,Electronics,3521
416,maintain,Electronics,1829
417,through,Clothing,4733
418,future,Furniture,5790
419,same,Furniture,227
420,seem,Furniture,8637
421,exactly,Clothing,1250
422,guy,Electronics,3333
423,degree,Electronics,523
424,across,Books,2044
425,house,Clothing,8896
426,public,Books,5822
427,give,Electronics,8845
428,use,Clothing,1443
429,take,Clothing,9254
430,model,Clothing,7467
431,individual,Furniture,9469
432,design,Electronics,1395
433,reason,Electronics,3732
434,professor,Clothing,4614
435,party,Electronics,3956
436,medical,Electronics,9402
437,country,Clothing,8274
438,relationship,Electronics,898
439,walk,Furniture,8176
440,south,Books,7628
441,start,Books,498
442,read,Clothing,1192
443,outside,Books,787
444,stop,Books,9012
445,challenge,Electronics,3497
446,anyone,Books,7544
447,size,Books,3980
448,democratic,Furniture,1942
449,old,Books,4024
450,year,Books,7503
451,material,Clothing,8601
452,whether,Clothing,8453
453,because,Clothing,3201
454,nothing,Books,8664
455,late,Electronics,3931
456,inside,Books,6284
457,thank,Furniture,7563
458,financial,Clothing,3002
459,human,Furniture,9595
460,social,Books,7806
461,morning,Books,1312
462,leader,Clothing,5687
463,affect,Books,7156
464,market,Books,7547
465,edge,Books,352
466,cost,Books,8518
467,per,Furniture,2151
468,upon,Electronics,3537
469,deal,Books,9079
470,many,Books,6457
471,life,Electronics,4030
472,sing,Books,9292
473,understand,Electronics,9874
474,office,Furniture,9005
475,radio,Books,4252
476,create,Electronics,4965
477,only,Books,2379
478,board,Furniture,412
479,born,Furniture,1239
480,others,Books,2366
481,face,Electronics,3151
482,up,Electronics,5368
483,wide,Books,5267
484,good,Books,5445
485,too,Clothing,8335
486,decide,Furniture,381
487,about,Electronics,3316
488,option,Furniture,5379
489,public,Clothing,442
490,dream,Clothing,8995
491,point,Books,9454
492,human,Furniture,5109
493,whether,Electronics,521
494,wall,Clothing,1224
495,enough,Furniture,9542
496,law,Books,3263
497,conference,Books,9549
498,who,Furniture,7835
499,stand,Electronics,5037
500,see,Electronics,7339
