customer_id,first_name,last_name,email
1,Robert,Wilson,lpierce@rodgers-bryant.com
2,Jamie,Shea,villegasjennifer@martinez.org
3,William,Thompson,udixon@gmail.com
4,Lauren,Joseph,qgarcia@simpson.biz
5,Joanna,Jackson,dunnkathy@yahoo.com
6,Nicholas,Singleton,brownstacy@marshall.info
7,Thomas,Henderson,beth20@hotmail.com
8,Tanya,Page,amy20@hotmail.com
9,Amy,Rhodes,kimberly24@morgan.com
10,Kristina,Cox,qjohnson@hotmail.com
11,Jamie,Miller,heatherjones@lawrence.com
12,Arthur,Nelson,alexandria14@hotmail.com
13,Anthony,Montoya,ashleymatthews@yahoo.com
14,Joel,Burton,robertfowler@kaiser.com
15,Joseph,Jackson,lindsay19@yahoo.com
16,Jason,Smith,lindacole@gmail.com
17,Mary,Leach,johnhughes@hotmail.com
18,Haley,Cox,dylanfisher@medina.biz
19,Curtis,Henderson,danielkelly@gmail.com
20,Amanda,Gomez,johnsonchristine@yahoo.com
21,Erika,Acosta,benjamin38@yahoo.com
22,Jeffrey,West,laurawolf@johnson-lawrence.com
23,Elizabeth,Elliott,paul55@hotmail.com
24,Gregory,Hardin,susan24@brewer.com
25,Bobby,Ortega,gary22@yahoo.com
26,Donald,Bennett,clopez@singh.biz
27,Kevin,Jones,dawn25@hotmail.com
28,Kathleen,Taylor,adamsmichael@taylor-gordon.info
29,George,Jones,jeffrey50@perez.com
30,Richard,Thomas,jason93@brown.com
31,Wyatt,Johnson,ortegabrianna@hurst.com
32,Stacey,Estrada,jenkinskirsten@gallagher.com
33,Heather,Garcia,connieparsons@gmail.com
34,Tony,Wilcox,campbelljennifer@yahoo.com
35,Anthony,Martin,timothyadams@gmail.com
36,Kimberly,Murray,vmoore@hotmail.com
37,Rose,Summers,lmullins@gmail.com
38,Scott,Delgado,ocosta@yahoo.com
39,Jean,Martin,pmitchell@jackson.info
40,Samantha,Perez,lbryant@gmail.com
41,Daniel,Dixon,emma54@yahoo.com
42,Carrie,Smith,blackwellmolly@hotmail.com
43,Molly,Boyle,sdavis@johnson.info
44,William,Flores,summersdebbie@nguyen-landry.net
45,Katherine,Robinson,alexander78@gmail.com
46,Ashley,Yates,jennifergray@gmail.com
47,Hannah,Reeves,phamlaura@nguyen-armstrong.info
48,Stephanie,Ortiz,calvin63@gmail.com
49,Kelly,Hubbard,davidrivera@gmail.com
50,Kimberly,Gutierrez,nancycarroll@yahoo.com
51,Jonathan,Marsh,cartergregory@lewis.net
52,Tanner,Morgan,krauseeric@gmail.com
53,Jennifer,Nelson,sjohnson@hotmail.com
54,Cassandra,Ramirez,azamora@hughes-huff.com
55,Candace,Herrera,allisonpowell@yahoo.com
56,Derek,Robinson,kimberly71@gmail.com
57,James,Kim,laura19@escobar-chavez.com
58,Erin,Haynes,erichardson@gonzalez.info
59,Jason,James,mweaver@gmail.com
60,Jason,Benton,mitchelljerome@gmail.com
61,Lauren,Blankenship,jeremyandersen@rodriguez.com
62,Laurie,Reynolds,gallagherjessica@porter-schultz.net
63,Frank,Williams,thompsonnicholas@perez.com
64,Angela,Ryan,jennyalvarado@hotmail.com
65,Alfred,Miller,johnjohnson@hotmail.com
66,Colleen,Jennings,morrowlindsey@ballard.com
67,Monica,Horton,wshort@gmail.com
68,Theresa,Wilson,michael67@boone.info
69,Kristine,Lee,paigemalone@ferguson.biz
70,Steven,Chapman,fmarsh@gmail.com
71,Raymond,Norton,lisa63@hotmail.com
72,Steven,Wheeler,tonyhernandez@yahoo.com
73,Michael,Vega,karen35@gmail.com
74,Lisa,Jenkins,carrietaylor@francis.com
75,Timothy,Shea,kmorris@gmail.com
76,Katie,Rodriguez,jamiecollins@yahoo.com
77,Stacy,Burns,crystalwillis@yahoo.com
78,David,Roberts,cmiles@phillips.biz
79,Luis,Johnson,cdawson@gmail.com
80,Sharon,Mitchell,andrea22@rowe-ruiz.com
81,Roger,Smith,pachecomonica@gmail.com
82,Gina,Kane,fgordon@brown-smith.biz
83,James,Lucas,iwoods@johnson.com
84,Susan,Davis,trobertson@wilson.info
85,Chloe,Cole,lori27@flynn-newman.info
86,Joshua,Hoffman,hoovermichelle@gmail.com
87,Travis,Roberts,robertsalinas@mccann-rosario.com
88,Sandra,Munoz,carlosgarrett@silva.org
89,Mario,Hudson,susan92@hotmail.com
90,Melanie,Norris,dean84@neal.com
91,Walter,Powell,katelynbowman@yahoo.com
92,Philip,Mayer,haleanthony@yahoo.com
93,Kevin,Wiggins,howardjonathan@yahoo.com
94,Heather,Wilson,sharpstephanie@yahoo.com
95,Danielle,Bishop,perrydestiny@watts.com
96,Jeffrey,Baker,james57@lopez.com
97,Jose,Rogers,lheath@zhang.com
98,Heather,Bartlett,brennancory@weber-thomas.biz
99,Deborah,Ferguson,stokesbrandon@yahoo.com
100,Matthew,Berg,xturner@gmail.com
101,Mckenzie,Jenkins,alexanderprice@thompson.biz
102,Sheila,Hughes,terrimoore@yahoo.com
103,Michael,Peck,ehardin@hotmail.com
104,Daniel,Bowman,douglashawkins@gmail.com
105,Zachary,Farrell,ifritz@erickson.org
106,Daniel,Watson,andrewmacias@gmail.com
107,Thomas,Conway,amanda44@gmail.com
108,Shannon,Stewart,uhinton@johnson-ross.net
109,Heather,Johnson,nsoto@hotmail.com
110,Jack,Rogers,vanessawest@jackson-kirby.com
111,Chelsea,Bowen,ellenpineda@martin-fields.biz
112,George,Price,rwatkins@harris-hernandez.biz
113,Christopher,Gomez,omichael@hotmail.com
114,Derrick,Thompson,schavez@hotmail.com
115,Amy,Perez,dparker@hotmail.com
116,Gabriel,Davis,sgriffin@yahoo.com
117,Thomas,Perry,ashley74@hotmail.com
118,Lisa,Frank,jackwhite@hotmail.com
119,Stephanie,Bryant,kennethfox@lewis.biz
120,Susan,Collins,benjaminmark@gmail.com
121,Michelle,Scott,michaelbruce@schultz-deleon.com
122,Jessica,Patrick,eatonkenneth@horton-reyes.info
123,Maria,Allen,debra10@schultz.com
124,Jack,Walls,rodriguezroy@hotmail.com
125,Jason,Smith,hgraves@molina.com
126,Megan,Shepherd,andrewsabigail@yahoo.com
127,Katherine,Johnson,gdominguez@hotmail.com
128,Melissa,Rose,judith95@hotmail.com
129,Gail,Davis,juancruz@watson-smith.com
130,Aaron,Flores,amyrogers@fowler.com
131,Kristina,Kelly,patrick40@yahoo.com
132,Jonathan,Smith,martinannette@gmail.com
133,Eduardo,Baxter,randall59@sullivan-nunez.org
134,John,Henderson,sstewart@yahoo.com
135,Larry,Kim,janicegolden@munoz.net
136,Jose,Dunn,jasonthomas@hotmail.com
137,Joseph,Robinson,dustin60@simon.com
138,Alison,Brown,summermartinez@knox-reed.com
139,Joe,Oconnor,ncox@juarez.com
140,Jimmy,Smith,keith17@hotmail.com
141,Scott,Higgins,joneselizabeth@estrada-olson.com
142,Kimberly,Campbell,lisa13@yahoo.com
143,Janice,Morales,collinsmichelle@hotmail.com
144,Philip,Wilson,marissaduffy@hall.com
145,Becky,Clark,mfernandez@coleman-riddle.info
146,Pamela,Campbell,edwardsjoel@hotmail.com
147,Deanna,Alvarez,jacobking@moses.biz
148,Mark,Stewart,gonzalesmichael@gmail.com
149,Brett,Haley,angelacarlson@yahoo.com
150,Ryan,Robinson,richard94@hotmail.com
151,Ryan,Gray,cedwards@hotmail.com
152,Patricia,Delacruz,chad69@hotmail.com
153,Natasha,Hubbard,tina28@hotmail.com
154,Joseph,Roberts,shawn98@gmail.com
155,Timothy,Williams,sarahgomez@yahoo.com
156,Daniel,Little,wroberts@becker-woods.com
157,Kim,Fisher,catherinejones@hotmail.com
158,Daniel,Smith,adkinscory@hale.com
159,Calvin,Cortez,cmejia@bates-melton.net
160,Bruce,Mack,jeffreypeterson@monroe.info
161,Kristen,Figueroa,harveyjoshua@murphy.org
162,Cheyenne,Larsen,omiller@gmail.com
163,Karen,Boyd,alexander58@hotmail.com
164,Maria,Brown,jeremy87@hotmail.com
165,Natasha,Young,melodyhall@shaw-johnson.org
166,Shelly,Costa,mirandagarcia@manning.com
167,Kimberly,Johnson,vmiller@oliver.biz
168,Hunter,Shelton,slowe@gmail.com
169,Joseph,Diaz,oryan@yahoo.com
170,Michael,Ho,edward89@yahoo.com
171,Wendy,Lindsey,uwashington@cruz.com
172,Tina,Ballard,angela49@campbell.com
173,Patricia,Ball,laurenmartinez@hotmail.com
174,Fred,Smith,zjohnson@wilcox.com
175,Ryan,Hanson,lowemaria@gmail.com
176,George,Sanchez,gwilliams@hernandez.com
177,Matthew,Johnson,morganrhodes@roach-long.com
178,Laura,Aguilar,jbanks@hotmail.com
179,Kathryn,Hayes,jortega@ramirez-oconnell.com
180,Laura,Ward,savannahfisher@yahoo.com
181,Philip,Scott,dickersonbriana@alvarez-martin.com
182,James,Cowan,raymondaustin@keller.com
183,Carol,Rangel,ashleymartin@yahoo.com
184,Erica,Beard,jamie20@cook.info
185,Edwin,Parker,robertperez@hawkins.org
186,Marcus,Freeman,cassandra04@hood.net
187,Emily,Gardner,don38@yahoo.com
188,Gabriel,Johnson,ashleehill@vargas-wood.biz
189,Stephen,Lewis,donna20@gmail.com
190,Stephen,Riddle,gomezsusan@proctor-adams.org
191,Suzanne,Gates,janetholmes@smith-morales.org
192,Brenda,Elliott,cynthiahuerta@reynolds.com
193,Sarah,Lopez,vaughnjesus@wyatt-torres.com
194,Robert,Mcbride,carl23@yahoo.com
195,Stephen,Alvarado,allison58@hansen-brady.com
196,Jessica,Hill,barnesbriana@yahoo.com
197,Michael,Cowan,whitecheryl@riley.com
198,Christopher,Walker,tyler47@reeves-crawford.com
199,Calvin,Hays,kimberly32@meza.com
200,Jessica,Conway,pjones@cook.net
201,James,Kelley,imann@hotmail.com
202,Anthony,Flores,jennifersanchez@yahoo.com
203,Teresa,Butler,christopher09@brown.com
204,Stephanie,Macdonald,jesus24@gmail.com
205,Luke,Buckley,vickifoley@yahoo.com
206,Nicholas,Pearson,aromero@miles-gonzalez.org
207,Dawn,Wilson,danielpaul@santos.org
208,William,Ramirez,powellsean@wolfe.com
209,Deborah,Moore,grahamjennifer@richard.com
210,Sean,Nguyen,gerald06@gmail.com
211,Mark,Buchanan,joseph51@yahoo.com
212,David,Adams,nponce@gordon.biz
213,Laura,Gonzales,ryanschmidt@hotmail.com
214,Kendra,Wilson,wolfezachary@lee.com
215,Elizabeth,Peters,justinlynn@gmail.com
216,Shelly,Pruitt,antonio49@jacobs.org
217,Brian,Long,tracysmith@perez-blair.net
218,Amy,Mitchell,simondustin@maxwell-mills.org
219,Michael,Boyd,gilljason@yahoo.com
220,Christopher,Vaughn,xtucker@simpson-torres.net
221,Christopher,Martin,mjohnson@hess-obrien.net
222,Terri,Lawson,ysullivan@yahoo.com
223,Lori,Wright,evansjessica@morgan.com
224,Jennifer,King,jessicapatel@johnson.net
225,Ronald,Cantu,qwright@yahoo.com
226,Grace,Alvarado,johnnyclark@gmail.com
227,Whitney,Lang,gpatterson@yahoo.com
228,Gary,Smith,johnnyhoward@yahoo.com
229,Jennifer,Johnson,jasonturner@baldwin-henderson.com
230,Sabrina,Burgess,meyerdylan@gonzalez.org
231,Elizabeth,Williams,brandonsmith@mills.com
232,Margaret,Smith,christopher28@garcia-goodwin.net
233,James,Gonzalez,gregory81@hotmail.com
234,Justin,Newman,durhamlaura@gmail.com
235,David,Scott,josephgolden@allen.biz
236,Kathy,Hernandez,nicholeholmes@hotmail.com
237,Lisa,Ramsey,uowens@yahoo.com
238,Alicia,Wilson,ovincent@larsen.com
239,Rose,Aguilar,zbrown@yahoo.com
240,Alexis,Schaefer,gpena@mueller.com
241,Gregory,Mercado,lucasduffy@hotmail.com
242,Joseph,Lee,sandraaustin@contreras-hatfield.info
243,Lauren,Cooper,teresa53@gonzalez.info
244,Dana,Wyatt,zgarrison@hotmail.com
245,Tammy,Case,sonialopez@walter.com
246,Melanie,Wheeler,irice@ritter.com
247,Bridget,Lewis,valeriebaker@gmail.com
248,Kendra,Cruz,aharris@wagner.com
249,Kristen,Bradley,margaret75@gmail.com
250,Jason,Schmidt,kentdiana@yahoo.com
251,Jennifer,Lewis,cookamy@flores.com
252,Caleb,Lowe,jessica79@white.com
253,Beth,Mccall,stevenwalters@gmail.com
254,Diane,Miller,adamjones@hotmail.com
255,James,Payne,smiller@adams.org
256,Robert,Nolan,alexis54@thompson.info
257,Stephen,Lamb,shannonwoods@gmail.com
258,Patrick,Rivera,conleystephanie@yahoo.com
259,Ryan,Dominguez,bharris@hotmail.com
260,Jacob,Mclaughlin,tricia73@miller-freeman.net
261,Cole,Wilkerson,lvelazquez@hotmail.com
262,Theodore,Jones,carolynhoward@robinson.com
263,Brenda,Munoz,erica37@yahoo.com
264,Megan,Thompson,corey14@riley.info
265,Brian,Clark,jamespierce@yahoo.com
266,Joshua,Martin,robin69@gmail.com
267,Brittany,Fuller,marilyndiaz@yahoo.com
268,Lindsey,Collins,brandi17@gmail.com
269,John,Spencer,christopher88@delgado-campbell.info
270,Matthew,Newton,bholden@allen-olson.com
271,Matthew,Hudson,madeline88@hotmail.com
272,Juan,Gomez,katrinareed@lamb.info
273,Joshua,Bailey,rlarson@kelly-blair.com
274,Lonnie,Webb,benjaminthompson@hotmail.com
275,Joanne,Gomez,ajohnson@white.org
276,Monica,Price,tiffanyscott@wagner.biz
277,Mark,Cabrera,david74@hotmail.com
278,Kathryn,Beck,annette91@scott-roach.info
279,Melissa,Espinoza,patricia29@reid-mcdaniel.com
280,Michael,Moore,heather97@nelson-johnson.com
281,Carly,Ortiz,sullivanlawrence@gmail.com
282,Patricia,Steele,brandonmurphy@hotmail.com
283,Robin,Allen,yubeth@klein.com
284,Carlos,Robertson,megan85@hotmail.com
285,David,Campbell,jessicaalvarado@blackwell-jordan.net
286,Jasmine,Bennett,vjohnson@rodriguez.com
287,Amy,Mullins,jamescase@gmail.com
288,Cesar,Mann,dawnlam@smith.com
289,Anthony,Hunt,angelali@gmail.com
290,Kristen,Caldwell,srivers@yahoo.com
291,Deborah,Sanchez,gina04@gmail.com
292,Rhonda,Wells,andersonzachary@richards-powell.com
293,Molly,Rush,katie52@rivera.com
294,David,Jackson,jeffrey05@jackson-jordan.com
295,Michelle,Gentry,tmartinez@orr.biz
296,Juan,Stone,tina66@hotmail.com
297,Tara,Dunlap,msanchez@benjamin.com
298,Rebecca,Johnson,qcoleman@gmail.com
299,Robert,Oneal,pstafford@yahoo.com
300,Jessica,Miller,sarawoods@yahoo.com
301,Deborah,Hicks,ashley21@yahoo.com
302,Chelsea,Schwartz,kevin11@nguyen-fry.com
303,Kimberly,Petersen,emilylee@sullivan.org
304,Taylor,Rice,edwardsbenjamin@hotmail.com
305,Joshua,Thomas,langrobert@nicholson.info
306,James,Clark,melody06@yahoo.com
307,Christian,Davis,christopher53@yahoo.com
308,Sarah,Garrett,wesleygraham@gmail.com
309,Kelly,Shelton,kennethbates@callahan.net
310,Rebecca,Lynn,bcarlson@gmail.com
311,Sean,Norris,millschristine@mayo-fleming.com
312,David,Parker,crystal74@yahoo.com
313,Raymond,Vargas,robertsonheather@brown-smith.org
314,Becky,Navarro,edwardjackson@roth.biz
315,Faith,Dodson,gmorales@hotmail.com
316,Megan,Arnold,melissa72@yahoo.com
317,Danny,Allen,diane75@gmail.com
318,Brenda,Smith,eric06@yahoo.com
319,Teresa,Mcgee,whiterobin@yahoo.com
320,Luke,Chan,stevenruiz@yahoo.com
321,David,Harris,codylee@gmail.com
322,Tommy,Robinson,zharvey@cameron-holland.com
323,Casey,Evans,ytran@yahoo.com
324,Kenneth,Potts,ndavidson@hotmail.com
325,Micheal,Gonzalez,jonesdarren@gmail.com
326,Daniel,Wilson,edwardrobinson@yahoo.com
327,Frank,Erickson,mryan@gmail.com
328,Brittney,Serrano,brittany68@martin.com
329,Diana,Buck,qsimon@yahoo.com
330,Virginia,Elliott,youngcraig@lewis.com
331,Cameron,Galvan,lancecampbell@hotmail.com
332,Thomas,Steele,imitchell@hotmail.com
333,James,Wise,nicole62@guerra.info
334,Samuel,Taylor,rodriguezrobert@cruz-mcclure.net
335,Richard,Johnson,daniel25@gmail.com
336,Cynthia,Fisher,ellisbrent@bennett.com
337,James,Porter,sara94@gmail.com
338,Summer,Callahan,jasonpark@hotmail.com
339,Julie,Acosta,meyermatthew@lane.com
340,Holly,Bell,garciafrank@williams.info
341,Kaitlyn,Solomon,tamara03@hotmail.com
342,Ashley,Washington,tammycarter@perkins.com
343,Kimberly,Phillips,martinezcaitlin@gmail.com
344,Linda,Roberson,yturner@clark.com
345,Kim,Watkins,drakejoseph@barnes.com
346,Kelly,Diaz,amy30@potter.info
347,Frank,Hill,dsanders@deleon.biz
348,Kristy,Hale,lopezmegan@long.com
349,Lucas,Wilson,zacharywoods@hotmail.com
350,Mark,Townsend,ambermedina@hotmail.com
351,Melody,Evans,walkergregory@russell.com
352,Thomas,Morris,zshelton@watson.com
353,Rodney,Kaiser,rlong@charles.com
354,Christina,Terry,terri17@gmail.com
355,Cynthia,Torres,monique58@hotmail.com
356,Brandon,Sanchez,dawn50@hotmail.com
357,Jeremy,Smith,andrewmoreno@gmail.com
358,James,Rocha,lnichols@gmail.com
359,Jorge,Patterson,colleen24@hotmail.com
360,Carrie,Sutton,brush@yahoo.com
361,Sandra,Colon,normanrichard@sparks.net
362,Melissa,Nash,donald68@gmail.com
363,Jessica,Yates,gponce@hansen.biz
364,Lisa,Lowe,tpittman@yahoo.com
365,Brittney,Jackson,thomasemily@gmail.com
366,Wendy,Johnson,tamara62@yahoo.com
367,Kyle,Carter,perrylinda@johnson-campbell.com
368,Patricia,Gilbert,laurarose@hotmail.com
369,Kevin,Stuart,zglover@lawrence.com
370,Erin,May,justinking@gmail.com
371,Daniel,Day,benjamin83@gmail.com
372,Bill,Collins,paul01@davis-blevins.biz
373,Victor,Davis,deborahjackson@brown-rowe.com
374,Jacob,Hicks,michael87@yahoo.com
375,Kenneth,Foster,atorres@taylor.info
376,Donna,Mejia,smithtiffany@hotmail.com
377,Robert,Lin,mking@daniels.net
378,Barbara,Davis,horneelizabeth@williamson.org
379,Cynthia,Gonzalez,umiller@green.biz
380,James,Chambers,jessica50@turner.net
381,Catherine,Elliott,lfranklin@nash.info
382,Victoria,Hamilton,drew07@perez.com
383,Travis,Williams,shellyarcher@owen.com
384,Donna,Morrison,jeffrey98@shah.org
385,Brenda,Mcknight,marshdaniel@hotmail.com
386,Paul,Martinez,kewing@hotmail.com
387,Cassandra,Taylor,gabrielharris@gmail.com
388,Matthew,Carter,sjones@anderson.com
389,William,Howard,christine20@arnold-everett.org
390,Dana,Marks,bclark@gmail.com
391,Paula,Reynolds,preynolds@gmail.com
392,Chad,Yu,amber57@shields.org
393,Martin,Curtis,tylernoble@larson.com
394,Paul,Martinez,williammerritt@yahoo.com
395,Chris,Schaefer,hyoung@hotmail.com
396,Ariel,Garcia,eatondiana@hotmail.com
397,Paul,Martin,jean31@hotmail.com
398,Claudia,Burgess,craig57@davis-moore.com
399,Jose,Gillespie,randalllee@gmail.com
400,Charles,Johnson,wmejia@taylor.biz
401,Christina,Howard,zbrennan@gmail.com
402,Samantha,Jackson,tyler42@gmail.com
403,John,Moore,spencerdennis@yahoo.com
404,Pam,Adams,michaeljohnson@yahoo.com
405,Gabriela,Peterson,sarahhall@gmail.com
406,Shawn,Jones,seth74@salas.com
407,Jonathan,Davis,rosaleskatelyn@ashley.com
408,Alejandro,Wilson,gmacias@anderson.com
409,Eric,Johnson,mary06@davis.org
410,Mark,Riley,burketaylor@hotmail.com
411,David,Williamson,prodriguez@hernandez.com
412,Mark,Harris,brandidavid@yahoo.com
413,Nicole,Little,steinmegan@hotmail.com
414,Kimberly,Johnson,ecruz@johnson.com
415,Amanda,Vasquez,elliottdana@howell.com
416,Caitlin,Ferguson,keviningram@tucker.com
417,Kristine,Wright,kristyjohnson@freeman.com
418,Elizabeth,Simmons,gjohnson@bryan.com
419,Kelly,Cummings,josephyu@ingram.com
420,Gabriel,Hernandez,tadams@berry-parrish.biz
421,Adam,Gordon,spetty@jordan-whitney.com
422,Thomas,Stewart,kristinagoodman@bowen.com
423,Richard,Lowe,cindy27@gross-turner.info
424,Emily,Nunez,chowell@yahoo.com
425,Jeffrey,Gomez,knightjustin@hotmail.com
426,Paige,Cunningham,kevin44@yahoo.com
427,Lauren,Hopkins,laura35@yahoo.com
428,Thomas,Douglas,turnerrobert@gmail.com
429,Andre,Walker,julie51@yahoo.com
430,Ronald,Gonzalez,gayers@gmail.com
431,Kenneth,Tanner,danielsalex@yahoo.com
432,Robin,Bennett,janice52@graves-brock.biz
433,Casey,Kennedy,drakesarah@gmail.com
434,Matthew,Johnson,heather59@cunningham.com
435,Andrea,Brooks,gballard@matthews.info
436,Karla,Owens,rachelhoward@hotmail.com
437,Emily,Watts,linda31@carroll.net
438,Kelly,Hickman,guzmanrobert@guzman.com
439,Michael,Webb,nealjack@hotmail.com
440,Elizabeth,Adams,dcampos@sullivan.com
441,Greg,Lloyd,matabrian@hotmail.com
442,George,Powell,morrismichael@hotmail.com
443,Lauren,Rubio,wyu@yahoo.com
444,Mary,Hammond,brandymorris@hotmail.com
445,Wanda,Wolf,evan57@sullivan.com
446,Andrew,Santana,bcarter@hotmail.com
447,James,Garner,autumngreene@gmail.com
448,Julian,Hill,jenningsnatasha@may.org
449,Tracey,Ward,daniel78@johnston-smith.com
450,Brandon,Kelly,kdavenport@perry.org
451,Hannah,Lam,casey57@gmail.com
452,Michael,Warren,jessicarobinson@pena.biz
453,Benjamin,Clements,lisa22@yahoo.com
454,Richard,Morales,joseph57@payne.biz
455,Ricardo,Wright,jason26@garner.com
456,Marcus,Washington,laurahoward@garcia-colon.com
457,Desiree,Tyler,bwalker@yahoo.com
458,Craig,Williams,raymond81@rodriguez.com
459,William,Burke,jessica52@gmail.com
460,Geoffrey,Campbell,timothy68@curtis.info
461,Joseph,Christensen,huffjames@mills.biz
462,Rebecca,Hernandez,carlsonjames@smith.com
463,Teresa,Ruiz,doris81@hotmail.com
464,Keith,Morales,tyrone54@joseph-browning.com
465,Alicia,Harris,wrightbryan@smith.net
466,Emily,Murphy,stephensjames@hotmail.com
467,Kyle,Hampton,brewerrobert@morris.com
468,Danielle,Daniels,nicholasdawson@poole.biz
469,Heather,Jensen,molly69@stanley.com
470,Pamela,Williams,arielnewman@yahoo.com
471,Joshua,Hawkins,ydavis@smith-banks.info
472,Daniel,Estrada,thompsonsamantha@dillon.biz
473,Teresa,Wright,katrinaterrell@yahoo.com
474,Tyler,David,alvaradoamy@yahoo.com
475,Heather,Rios,geraldtaylor@hotmail.com
476,Matthew,Brown,whitevictor@yahoo.com
477,Austin,Cooper,rgraham@waller.biz
478,Chelsey,Dunn,jessicahale@hicks.com
479,Danielle,Humphrey,kylelester@yahoo.com
480,Ian,Peterson,robert18@yahoo.com
481,Jessica,Stephens,tylerlewis@yahoo.com
482,Stephanie,Morales,rmata@mcneil-wagner.net
483,Travis,Marsh,nrivera@yahoo.com
484,Matthew,Mcgee,gmeyers@gray.com
485,Scott,Mann,kristin39@eaton.com
486,Kaitlyn,Ruiz,orussell@hensley.com
487,Lori,Jordan,darrencrawford@hotmail.com
488,Jeremiah,Williams,lauriemorse@hotmail.com
489,Jose,Smith,fergusontaylor@yahoo.com
490,Catherine,Cantrell,jennifer99@farley.com
491,Wendy,Peterson,johnsongabriella@guerrero.com
492,Christopher,Bush,jeromeherrera@morgan-jackson.info
493,Kenneth,Myers,judithpatrick@thomas.com
494,Jeffery,Keller,amanda59@gmail.com
495,Pam,Bailey,khoward@yahoo.com
496,Alexandra,Lee,bradybarry@jimenez.com
497,Gloria,Wu,utran@garcia.com
498,John,Rodgers,michaelrodriguez@acosta.info
499,Joshua,Johnson,nguyenphillip@yahoo.com
500,Nathan,Perkins,pcordova@yahoo.com
501,Sarah,Fry,misty09@gmail.com
502,Joseph,Fleming,glynch@hotmail.com
503,Kenneth,Frye,scottdixon@hotmail.com
504,Erin,Hughes,josephtanner@rodriguez-zuniga.com
505,Christian,Sanchez,grantjudy@gmail.com
506,Casey,Young,yhodges@yahoo.com
507,Paul,Perez,joshuabyrd@hotmail.com
508,Jason,Johnson,elizabeth52@gmail.com
509,Scott,Christensen,dgray@french.net
510,Jessica,Gilbert,jacksonloretta@yahoo.com
511,Deanna,Sullivan,noah34@anderson.biz
512,Mark,Goodwin,julie66@davis.com
513,Adam,Bell,wcolon@stewart.net
514,John,Yates,nhodge@robinson.net
515,Michelle,Donaldson,gonzalezlevi@yahoo.com
516,Melinda,Lewis,ysullivan@hotmail.com
517,Douglas,Smith,robintorres@white.biz
518,Michael,Jones,jorgewilliams@mason.com
519,Allen,Fowler,wmitchell@romero-reed.com
520,Christopher,Miller,jsolomon@yahoo.com
521,Shawn,Wiley,benjamin79@munoz.com
522,William,Nicholson,warrenbrett@zimmerman.info
523,Dennis,Williams,nbutler@sullivan.com
524,Ryan,Reyes,cody58@stark.org
525,Christopher,Miller,angelamiller@yahoo.com
526,John,Jones,veronicasmall@yahoo.com
527,Gerald,Atkinson,youngdavid@duran.com
528,Daniel,Ross,jennifer96@smith.com
529,Michele,Harding,fordharold@morrison-lyons.net
530,William,Rodriguez,rdennis@williams.com
531,Michael,Gomez,lindsey90@hotmail.com
532,Kenneth,Taylor,melissashields@gmail.com
533,Jason,Johnson,kevin06@harris-woods.net
534,Cody,Medina,bruceshaw@anderson-allen.com
535,Amber,Montgomery,joshua62@hotmail.com
536,Susan,Jones,timothy68@yahoo.com
537,Helen,Estrada,david69@neal-brown.com
538,Jeremy,Smith,alexanderconner@yahoo.com
539,Laura,Miller,sarahhernandez@strickland.info
540,Patricia,Pugh,april62@gmail.com
541,Elizabeth,Harris,browndaniel@gmail.com
542,Shawn,West,katherine03@wade-davidson.net
543,Tonya,Delgado,pittslaura@hotmail.com
544,Frank,Wagner,chadcruz@gmail.com
545,Martha,Jones,michele37@hotmail.com
546,April,Jackson,gallen@fritz.biz
547,Catherine,Tanner,ijackson@smith.net
548,Vanessa,Phelps,cardenasholly@gomez.com
549,Randall,Walker,john66@garcia.com
550,Steven,Mejia,john01@anderson.com
551,James,Jenkins,phillipssarah@hutchinson.com
552,Crystal,Harris,roger80@hotmail.com
553,Randy,Clark,haguirre@smith.com
554,Judith,Hughes,kristenmckenzie@wong.org
555,Jillian,Taylor,patrick44@martinez.com
556,Angel,Mckenzie,carlosadams@gmail.com
557,Cynthia,Hayes,michaelbaker@glenn.com
558,Patricia,Richardson,bautistachris@yahoo.com
559,Jesse,Molina,carolynmitchell@gmail.com
560,Edward,Gutierrez,spearsrichard@gmail.com
561,Alexander,Lester,balexander@yahoo.com
562,Jodi,Mcclain,laurahuber@hurley.com
563,Kenneth,Blackwell,carrollnicole@gmail.com
564,Jimmy,Heath,floresjimmy@gmail.com
565,Brooke,Miller,fstewart@gmail.com
566,Rita,Walters,laura84@gmail.com
567,Danielle,Sutton,rtaylor@jones.com
568,Stephanie,Barton,lauren94@freeman.info
569,Robert,Myers,yacosta@thomas-holmes.com
570,Holly,Long,richardcrawford@gmail.com
571,Lisa,West,martintracy@gmail.com
572,Shannon,Bates,ssantana@perez.com
573,Matthew,Chapman,bcameron@gmail.com
574,Michelle,Davenport,hodgerebecca@brooks-mcfarland.org
575,Stephanie,Martinez,flynnjames@hotmail.com
576,Kimberly,Mcgrath,williamhernandez@garcia.com
577,Anthony,White,colleencollins@gmail.com
578,Thomas,Hall,mackdonna@martin.com
579,Faith,Carter,bethcook@gmail.com
580,Ronald,Carpenter,erin27@espinoza.biz
581,William,Hill,rburke@ross.com
582,Michael,Serrano,mccartylauren@gmail.com
583,Howard,Tran,michaeladkins@hotmail.com
584,Gina,Hill,bgreen@hotmail.com
585,Joshua,Lopez,epeterson@hotmail.com
586,Keith,Thomas,cbush@beck-stein.info
587,Erin,Contreras,wavila@hotmail.com
588,Rebecca,Sparks,kelseystone@hotmail.com
589,Kelly,Tate,daniel34@hotmail.com
590,Joe,Brown,weaverhenry@herman.net
591,Regina,Campbell,kimberly00@hotmail.com
592,Miguel,Campbell,beckandrew@haynes-ochoa.com
593,Samuel,Carpenter,tbruce@gmail.com
594,John,English,lwilliams@bryan.com
595,Gabriel,Holmes,elliottashley@yahoo.com
596,Philip,Conrad,lindsay32@gmail.com
597,John,Williams,teresa40@yahoo.com
598,Rachel,Jenkins,colinchavez@hotmail.com
599,Christina,Richard,pamela09@shea-novak.com
600,Tammy,Mcintyre,heathermendoza@jordan-davis.org
601,Olivia,Salazar,psims@hotmail.com
602,Robert,Nguyen,jcarter@anderson.biz
603,Darren,Fields,wmorrow@brown.net
604,Stephanie,Bowman,carrie06@hartman.com
605,Kimberly,Lowery,dgutierrez@gmail.com
606,Jimmy,Campbell,hgarcia@gmail.com
607,Scott,Jones,jade92@yahoo.com
608,Thomas,Hansen,xdean@morgan-rogers.com
609,Edward,Clarke,alexiscox@yahoo.com
610,Patricia,Perez,dswanson@sullivan-johnson.com
611,Thomas,Conway,stephen61@hartman.com
612,Jennifer,Davis,patrick89@hotmail.com
613,Thomas,Lewis,aaron04@gmail.com
614,Megan,Knight,phillipsnicholas@alvarado-king.org
615,Jeremy,Bailey,georgediaz@hotmail.com
616,Tracy,Peterson,jeremy88@yahoo.com
617,April,Stewart,jesusjohnson@hernandez.net
618,Mary,Brewer,cynthiajones@hotmail.com
619,Brittney,Hughes,qowens@doyle-cordova.com
620,Melanie,Robinson,jgreen@miller-herring.org
621,Lisa,Snyder,jason07@gmail.com
622,Matthew,Hudson,pedwards@gaines.info
623,Zachary,Melton,joy53@hotmail.com
624,Grant,Fisher,joelwood@hotmail.com
625,George,White,hrobinson@archer.com
626,Michael,Levy,evelynsutton@taylor.info
627,Kim,Chang,sara21@richmond.com
628,Donna,Owens,rcardenas@walker.net
629,Rebekah,Smith,danielharris@johnson.biz
630,Raymond,Mcclain,dawn09@walker.com
631,Jennifer,Hunter,tammyhensley@owen-nelson.com
632,Timothy,Wilkins,tammy20@gmail.com
633,Jennifer,Bird,zacharyballard@blevins-miller.com
634,Shelley,Daniel,nicolasgallegos@yahoo.com
635,Jeremy,Miles,xcox@holt.net
636,Juan,Richardson,haassandra@young.org
637,Jamie,Farmer,ajenkins@flowers.com
638,Jason,Vargas,gary99@taylor.com
639,Matthew,Kelly,christian26@hotmail.com
640,Eugene,Lopez,jeffrey47@thompson.com
641,Vincent,Bennett,vhess@hotmail.com
642,Nicole,Johnson,agrimes@gmail.com
643,Robert,Garcia,latasha73@hill.info
644,Angela,Miller,jonathanboyer@hotmail.com
645,Taylor,Simmons,xbutler@gmail.com
646,Jenny,Lee,sandersen@oliver-robinson.com
647,William,Mcdonald,sheilagonzales@alvarez.com
648,Amanda,Soto,gary23@gmail.com
649,Devon,Horn,christine00@ball-brown.biz
650,Joshua,Estes,fosterholly@lee.com
651,Kelly,Caldwell,currycarol@yahoo.com
652,Holly,Hampton,qbray@gmail.com
653,Danielle,Scott,jessica69@yahoo.com
654,Katrina,Lara,kpennington@graham.com
655,Samantha,Wolfe,nkim@hampton.info
656,Christopher,James,donnamolina@hotmail.com
657,Mike,Khan,donaldpark@hotmail.com
658,Terri,Bell,cconley@hotmail.com
659,Kristen,Schaefer,wellsdeborah@gmail.com
660,Timothy,Pruitt,rnelson@walton.net
661,Andrea,Anderson,sedwards@mitchell-shaw.com
662,Brittany,Petersen,vanessa08@rhodes.com
663,Ashley,Mckinney,schmidtjohn@hotmail.com
664,Mark,Bailey,joneslaura@yahoo.com
665,Jeremy,Burch,samantha38@saunders.biz
666,Erin,Rodriguez,seancampbell@lane.com
667,Charles,Medina,michelle78@kidd.com
668,Jason,Smith,nicoleparker@gmail.com
669,Heather,Beard,ryan80@jones.com
670,Maria,Green,kevin05@yahoo.com
671,Evan,Walters,barbara41@rice.com
672,Jennifer,Wiggins,scottjessica@yahoo.com
673,Wendy,Stein,melissa64@taylor.com
674,Alicia,Wells,thomasjulia@rios-oliver.net
675,Sandra,Torres,brianyork@gmail.com
676,Karen,Brown,greenechristian@mitchell.net
677,Donna,Caldwell,shelbycollins@gmail.com
678,Paul,Wilcox,theresamcpherson@yahoo.com
679,Emma,Parker,lacey86@hayes-gonzalez.com
680,Aaron,Wiley,molly04@harrell-gross.com
681,Melissa,Ramirez,mandy92@yahoo.com
682,Carrie,Kennedy,bradley87@gmail.com
683,Andrea,Stanley,phillipshunter@contreras-hernandez.biz
684,Lindsey,Tucker,jmorgan@hotmail.com
685,Lisa,Garcia,guerrajulia@yahoo.com
686,Jesus,Lopez,phall@yahoo.com
687,Heather,Young,moorejames@gmail.com
688,Bruce,Pierce,xramirez@franklin-jordan.com
689,Miguel,Campbell,cbryant@spencer-anderson.net
690,Craig,Pratt,abeard@garcia.com
691,Jackson,Thomas,thomasball@martin-ochoa.com
692,Joshua,Dixon,bennettwendy@hotmail.com
693,Joshua,Peterson,rwilson@hotmail.com
694,Kelly,Mccarty,reidhector@yahoo.com
695,Jesse,Martin,imyers@alvarado.org
696,Amber,Hoover,pollardjoseph@ewing-gibson.net
697,Anthony,Brennan,harrisonjordan@lee-schultz.com
698,Crystal,Wright,jennifer48@yahoo.com
699,Carlos,Owen,lisasims@hotmail.com
700,Patricia,Boyd,amyjacobs@hotmail.com
701,Jackson,Potter,morgan33@gmail.com
702,Nathaniel,Collins,jackiesanders@garcia-smith.com
703,Kenneth,Thompson,gregory88@gmail.com
704,Ruth,Martin,valdezmichelle@hotmail.com
705,David,Tyler,hhall@simmons.com
706,Steven,Pugh,jesus61@rogers.com
707,John,Allen,robertsjose@morgan.com
708,Derek,Jackson,anthony85@blair.biz
709,Jose,Blackwell,robertwatkins@gmail.com
710,Heather,Peters,dustin18@hotmail.com
711,Michele,Stewart,samuel70@yahoo.com
712,Mark,Lawson,mcurry@garcia-richard.com
713,Russell,Bennett,spencer23@johnson.com
714,Kevin,Stephens,gblack@thompson.net
715,Erika,Le,davidthompson@smith.org
716,Aaron,Hernandez,john24@singh.com
717,Drew,Davis,gardnercindy@gmail.com
718,Jared,Walker,tom63@hotmail.com
719,Ryan,Wu,ramirezjeremy@hotmail.com
720,Jessica,King,collinsmark@miller.net
721,Morgan,Johnson,ricky89@gmail.com
722,Chelsey,Anderson,robert89@martin.biz
723,Thomas,Tucker,sarah72@gmail.com
724,Mary,Gould,olivia00@gmail.com
725,George,Clarke,vbuchanan@carter.com
726,Matthew,Perez,itrujillo@kerr.com
727,Michael,Wheeler,michaelray@gmail.com
728,Michael,Williams,qglenn@thomas-farley.org
729,Kyle,Patel,judith83@hotmail.com
730,Charles,Landry,curtistammy@gmail.com
731,Stephen,Smith,qsanchez@peterson-norton.com
732,Elizabeth,Hayes,qmills@gmail.com
733,Valerie,Kerr,kathy42@campbell-gill.net
734,Dalton,Brown,chawkins@hotmail.com
735,Alexander,Ross,npierce@gross.com
736,Wesley,Braun,amanda93@evans.com
737,Matthew,Gates,christina08@yahoo.com
738,Robert,Marshall,kristiglenn@gmail.com
739,Joseph,Zuniga,baileypatterson@robbins.com
740,Vincent,Chang,dsherman@yahoo.com
741,Eric,Smith,jasonbryant@gmail.com
742,Ronald,Spencer,rachel54@yahoo.com
743,Whitney,Miller,oliviavaldez@cannon-jackson.com
744,Crystal,Boyd,mark59@hotmail.com
745,Jesus,Hudson,christina86@brown-johnson.com
746,Heather,Rodriguez,jacksonjose@gmail.com
747,Kevin,Jarvis,fwillis@hale-myers.com
748,Heather,Cain,sturner@johnson.com
749,James,Wilson,brenda40@padilla-morris.org
750,Erik,Rush,clarkmegan@yahoo.com
751,Hannah,Pitts,lwhite@martin.com
752,Annette,Brown,johnsonkristin@murphy.info
753,Anna,Moody,cheryl61@gmail.com
754,Robin,Stevens,alexandriajohnson@kirby-robinson.com
755,Daniel,Wagner,dianeharrison@gomez.net
756,Melissa,Woods,andersonmatthew@gmail.com
757,Laura,Valdez,zshields@gmail.com
758,Tanya,Ford,kirbymark@dean-bennett.com
759,Tasha,Wright,hornerachel@williams.com
760,Miguel,Pearson,uhall@leonard-mcbride.net
761,William,Koch,beandonald@yahoo.com
762,Denise,Perkins,woodamanda@baker.com
763,Kevin,Ayala,laurajones@gmail.com
764,Rebecca,Harrison,flowerssamuel@flores.com
765,Hannah,Lawson,michael12@williams.com
766,Shawn,Thompson,kelly76@moore-vega.biz
767,David,Hicks,bowersangela@jones.com
768,Sean,Jordan,oflores@chan.com
769,Monica,Novak,vegateresa@hotmail.com
770,Jon,Brown,robert34@taylor.com
771,Steven,Bauer,margaretcarter@yahoo.com
772,Amber,Wells,wrighttodd@whitney.info
773,Amy,Lyons,smoore@powers.com
774,Michelle,Ryan,owenanna@hotmail.com
775,Jamie,Arnold,danielwright@yahoo.com
776,Jason,Smith,carla82@yahoo.com
777,Richard,Johnson,ann97@yahoo.com
778,Danny,Hall,avazquez@levy.com
779,Beth,White,gregoryburton@allen-pugh.com
780,Kim,Adams,mitchellsteven@yahoo.com
781,Joan,Caldwell,diane43@hill-mckinney.com
782,Kim,Miller,kyle64@richardson.com
783,Elizabeth,Ramirez,jonesdylan@gmail.com
784,Derrick,Hernandez,jamesmills@yahoo.com
785,David,Elliott,lhatfield@phillips.org
786,Anna,Mason,jennifermoore@hotmail.com
787,Cameron,Obrien,brucefisher@frank-williamson.com
788,Cathy,Chavez,stevensregina@hotmail.com
789,Jessica,Walton,shannon42@decker.net
790,Michael,Le,dsmith@gmail.com
791,John,Harris,lewisjustin@yahoo.com
792,William,Foster,james58@gmail.com
793,Natalie,Ruiz,carolyndominguez@estrada.com
794,Robert,Strickland,craigfisher@hotmail.com
795,Brandy,Ford,kimberlymartinez@oneal.biz
796,Christine,Green,janet45@hotmail.com
797,Thomas,Perez,gabriel94@williams.com
798,Annette,Montgomery,johnsonjoshua@yahoo.com
799,Brittany,Arnold,steven80@barnes-riggs.org
800,Ashley,Hayes,francochristy@ryan-mejia.net
801,Molly,Cordova,elliotttimothy@gmail.com
802,Michelle,Reed,johnmarks@mercado-craig.org
803,Grant,Lewis,baileyamanda@cross.biz
804,Zoe,Ferguson,emily22@hotmail.com
805,Candice,Villegas,melindacameron@hotmail.com
806,Chelsea,Mcdonald,harttimothy@hotmail.com
807,Ashley,Williams,brittanymontoya@hotmail.com
808,Brandon,Guerra,ckennedy@villarreal-carroll.com
809,Donald,Lambert,amberdavis@yahoo.com
810,Mark,Guzman,hickscolin@mejia-cohen.biz
811,Elizabeth,Patel,oknight@gmail.com
812,Justin,Pace,donna14@hotmail.com
813,Victoria,Brown,hannah34@long-aguilar.com
814,Stephen,Williams,dreynolds@yahoo.com
815,Danielle,Torres,dennis55@hodges-mckenzie.net
816,Adam,Wallace,hannah01@hotmail.com
817,Steven,Smith,yolandastephenson@hotmail.com
818,Anthony,Cruz,simpsongary@woods-williams.net
819,Michael,Webb,abigailforbes@santana.info
820,Jerry,Henry,smann@hotmail.com
821,Vanessa,Peterson,deniseholt@hotmail.com
822,Michael,Martinez,tsmith@yahoo.com
823,Thomas,Davidson,jennifer30@warner.com
824,Jennifer,Choi,michelle68@gmail.com
825,Steven,Curtis,ann97@snyder.com
826,Timothy,Collins,regina20@gmail.com
827,Jennifer,Gordon,smithlaurie@yahoo.com
828,David,Brown,gibsoncrystal@hotmail.com
829,Michael,Phillips,hhenderson@foley.biz
830,Margaret,Jones,jeremy91@murphy.com
831,Joshua,Hughes,crystalcampbell@shepherd.biz
832,Jerry,Hull,kgeorge@rogers.com
833,Karen,Cooper,brandyhowell@gmail.com
834,Desiree,Stein,williamswilliam@hotmail.com
835,Lee,Silva,gblankenship@yahoo.com
836,Jennifer,Dunn,richard69@oconnor-gallegos.com
837,Bradley,Cooper,stephanie68@rodriguez.info
838,Ryan,Cox,adamwheeler@lozano.com
839,John,Gray,gonzalesamanda@gmail.com
840,Bryan,Fowler,jason26@hotmail.com
841,Nancy,Carr,williamsbryan@miller-james.com
842,Marcia,Garner,xnelson@crane.com
843,Louis,Edwards,laura93@farmer-villarreal.com
844,Morgan,Martin,michael17@harris.com
845,Nancy,Espinoza,jordan25@young.com
846,Justin,Acosta,amber58@yahoo.com
847,Angela,Bradley,srichmond@mills.com
848,Jason,May,reneewhite@wall-rocha.biz
849,Frederick,Fletcher,kgomez@austin.com
850,Hannah,Espinoza,ellisonchristopher@hotmail.com
851,Christian,Maxwell,jennifer33@newman.com
852,Christopher,Jenkins,heidi94@wood-ball.biz
853,Kimberly,Mason,gmiller@craig.com
854,Briana,Glass,eacosta@gmail.com
855,Susan,Baird,susancooper@pierce.info
856,Erin,Clark,xhicks@hotmail.com
857,Michael,Melendez,llara@yahoo.com
858,Paul,Mason,matthew67@black-brennan.com
859,Samantha,Le,jkelly@thompson.com
860,Gordon,Anderson,brandon98@gmail.com
861,Stephen,Parrish,markwilson@gmail.com
862,Alejandro,Barker,jenniferdiaz@sheppard.com
863,Juan,Edwards,zgray@cooper.info
864,Amanda,Heath,wjohnson@gmail.com
865,Samuel,Parker,rpham@griffith-jimenez.com
866,Elizabeth,Harris,dbeasley@robinson-powell.info
867,Mark,King,csawyer@yahoo.com
868,Jeffrey,Diaz,lbrown@garcia.com
869,Laura,Barber,sandragoodwin@thomas.info
870,Bryan,Shaffer,tina31@hotmail.com
871,Andrew,Gonzales,paynedaniel@bennett.biz
872,Dennis,Nunez,norma85@torres-guerrero.com
873,Pamela,Silva,natalie86@johnson-phelps.org
874,Jesse,Munoz,bowmanerin@oconnor.net
875,Zachary,Griffin,zacosta@baker.com
876,Joshua,Cuevas,bryantbrett@morgan-kelly.info
877,Christopher,Ferguson,katherinevaldez@morton.com
878,Patrick,Mckinney,poolejames@joseph.org
879,Sabrina,Hale,gregory97@miles.net
880,Dennis,Martin,geraldthompson@wilson.com
881,Joshua,Macias,jessedavis@gmail.com
882,Donna,Marshall,christinagardner@giles.com
883,Elizabeth,Hale,aarongreen@oneill.com
884,Rhonda,Novak,lgardner@yahoo.com
885,Shannon,Garcia,psmith@blair.biz
886,Gabriella,Williams,donaldwright@hill.net
887,Elizabeth,Wheeler,bjackson@mccoy-montoya.com
888,Lisa,Rosales,bobby86@whitaker-hall.com
889,Erik,Kelley,melissabooker@moore.org
890,Dennis,Williams,morgan45@brennan.com
891,Charles,Chung,michael52@rose.com
892,Antonio,Green,victoriasullivan@hotmail.com
893,Theresa,Griffith,eboyle@yahoo.com
894,Tamara,Green,kcox@cordova.info
895,Nancy,Cannon,sharibrown@hotmail.com
896,Tamara,Bowen,victoria09@olsen.com
897,Abigail,Russo,keithbyrd@gmail.com
898,Tracey,Nichols,kevin17@gmail.com
899,James,Brown,wendyhart@garcia.org
900,Erin,Lewis,phill@gmail.com
901,Carrie,Reese,deannacoleman@hotmail.com
902,Sandra,Martinez,lisagaines@kelley.org
903,James,Thomas,josephrichards@reese.org
904,Jill,Fisher,kcarr@green.com
905,Jason,Shaw,tracy48@burch.biz
906,Victoria,Perry,lopezstephen@potts.com
907,Justin,Bennett,john32@mccarthy.com
908,Parker,Gilmore,ppowell@yahoo.com
909,Michael,Tanner,manuelharris@hotmail.com
910,Erin,Jenkins,martinbailey@sandoval-black.biz
911,Alan,Vargas,ellisamber@kaufman.org
912,Ronald,Johnson,scabrera@gmail.com
913,Scott,Cook,nwilson@fields.com
914,Andrew,Anderson,brownzoe@yahoo.com
915,April,Smith,markkramer@willis.biz
916,Crystal,Barton,dawnvega@choi.com
917,Holly,Rose,baldwinveronica@yahoo.com
918,Aaron,Farrell,barryhill@lawson.com
919,Jennifer,Dominguez,tjones@yahoo.com
920,Timothy,Lopez,kelleyleah@hotmail.com
921,Nicholas,Douglas,krystal31@hotmail.com
922,Melinda,Carter,vrobbins@cooper.org
923,Christine,Gross,arthursalazar@yahoo.com
924,Jamie,Wong,samantha89@gonzalez.com
925,Amber,Ward,emarshall@yahoo.com
926,Michael,Larson,ashleychapman@hotmail.com
927,Catherine,Lopez,richardortega@gmail.com
928,Brian,Hubbard,andrew32@buck-romero.biz
929,Grant,Jackson,stephen47@gmail.com
930,Tracy,Watson,johnsonbrian@jones.com
931,Stephanie,Haley,jenniferbrown@hotmail.com
932,Jonathan,Quinn,dawncarter@yahoo.com
933,Crystal,Hopkins,richardsbrett@kerr.com
934,Christina,Hurley,aballard@hernandez-wright.info
935,Brittany,Alvarado,jason00@yahoo.com
936,Robert,Wright,ngreen@navarro.com
937,Kayla,Rogers,lwebster@tucker.org
938,Joseph,Jackson,rodney12@gmail.com
939,Rachel,Velasquez,johnsonteresa@yahoo.com
940,Veronica,Woodward,patricktravis@hotmail.com
941,Kerri,Barajas,martinbeth@yahoo.com
942,Katherine,Wang,hwilson@yahoo.com
943,Victoria,Huerta,thunter@lewis.org
944,Andrew,Juarez,shannonchad@ayala.com
945,Jason,Long,phammackenzie@yahoo.com
946,Tara,Sutton,mercerbriana@yahoo.com
947,Richard,Cooper,dawn05@powers.com
948,Tiffany,Beasley,brendabush@moore.com
949,Mark,Holmes,ishelton@bray.com
950,Melinda,Clark,joshua30@yahoo.com
951,Thomas,Rodriguez,ronaldsmith@mckinney.net
952,Richard,Orozco,victoria43@powell-rodriguez.net
953,Nicole,Mitchell,wardnatalie@yahoo.com
954,Destiny,Johnson,michelleanderson@robinson.net
955,Isaac,Austin,lorihayden@gmail.com
956,George,Becker,thomascunningham@yahoo.com
957,Anthony,Kane,kathrynpoole@hill.com
958,Eric,Robinson,davidgardner@lara.com
959,Laurie,Andersen,connor88@hotmail.com
960,Bryan,Brown,amandahoward@schwartz.org
961,Valerie,Walker,petersonchristopher@williams.biz
962,Sara,Smith,maryjacobs@yahoo.com
963,Rachel,Hanson,tiffanynelson@yahoo.com
964,Elizabeth,Strickland,pamelaallen@yahoo.com
965,Timothy,Garcia,jwashington@hotmail.com
966,Christopher,Lynch,zimmermandavid@prince.org
967,Felicia,Wilson,fparker@hotmail.com
968,Kayla,Carr,hhuff@yahoo.com
969,Elijah,Simmons,shari36@hotmail.com
970,Jennifer,Smith,townsendheather@brewer.com
971,Robert,Caldwell,mark67@hotmail.com
972,Rachel,Vasquez,ricehannah@hotmail.com
973,Daniel,Nelson,chris38@mahoney.biz
974,Anthony,Cole,vanessa70@meadows-thompson.net
975,Patricia,Avila,bruce79@cox.org
976,Lynn,Miller,eperez@hotmail.com
977,William,Powers,wbautista@yahoo.com
978,Jeffrey,Smith,taylormichael@gmail.com
979,Breanna,Tucker,williamsjeremiah@cox.biz
980,Steve,Hull,rodriguezmelanie@gmail.com
981,Nicole,Hawkins,ann99@wilson.com
982,Ralph,Dyer,gtrujillo@gmail.com
983,Michael,Wood,karen07@hotmail.com
984,Craig,Davis,brenda25@jones.info
985,Jennifer,Compton,charlesmoore@hotmail.com
986,Lynn,Dunlap,william82@weiss-cook.net
987,Adrian,Lester,marygordon@yahoo.com
988,Benjamin,Randall,jonessara@hotmail.com
989,Robert,Russell,mitchellnicholas@gmail.com
990,Katherine,Harrell,kyle27@hotmail.com
991,David,Duarte,arodriguez@king.com
992,Chelsey,Campbell,carolwilliams@yahoo.com
993,Kelli,Allen,gkelly@gmail.com
994,Michael,Ross,amberkelly@cohen.com
995,Kevin,Johnson,richard51@yahoo.com
996,Jessica,Edwards,dale64@yahoo.com
997,Darryl,Jones,joannaharris@yahoo.com
998,Justin,Clark,sarah20@yahoo.com
999,Norman,Gibson,mrollins@mccarthy.com
1000,Joseph,Matthews,amandajohnson@price.net
