product_id,product_sku,product_name
101,GARDEN-9121-C-5715,choose
102,ELEC-8209-C-2624,law
103,GARDEN-9103-B-4246,control
104,ELEC-1377-B-5732,personal
105,GARDEN-4825-A-2197,represent
106,TOOL-4140-A-6072,ago
107,APP-3848-A-5392,region
108,ELEC-3326-C-5545,stuff
109,GARDEN-5071-A-8417,according
110,APP-8504-B-6742,unit
111,FURN-1418-C-9180,professional
112,ELEC-8108-A-1103,create
113,TOOL-8095-A-7471,scene
114,FURN-3477-A-4938,recently
115,ELEC-5009-C-3575,third
116,ELEC-4382-C-6970,project
117,TOOL-3638-B-7622,market
118,ELEC-7530-B-9898,sing
119,APP-8864-B-5795,religious
120,APP-7477-C-5868,who
121,APP-9834-B-3924,rise
122,ELEC-2755-C-1290,wife
123,GARDEN-2913-B-6287,her
124,APP-1150-C-6663,travel
125,GARDEN-8961-C-3726,local
126,TOOL-4676-C-1726,start
127,TOOL-1181-A-6513,meet
128,TOOL-4227-B-7202,present
129,GARDEN-7149-C-5038,beat
130,FURN-7001-A-1380,poor
131,FURN-6076-B-1308,late
132,GARDEN-3161-C-8656,money
133,APP-5971-B-9113,put
134,TOOL-8968-C-7230,while
135,ELEC-3570-A-2853,beat
136,FURN-1003-A-2359,from
137,TOOL-8967-C-9683,special
138,ELEC-3449-C-5526,relate
139,FURN-2757-B-6319,improve
140,TOOL-4776-B-8991,leave
141,APP-7855-A-2547,rise
142,ELEC-9919-B-3168,claim
143,FURN-7383-A-6526,sit
144,GARDEN-2967-B-2617,color
145,TOOL-4564-A-6350,tough
146,GARDEN-3818-B-6579,leader
147,GARDEN-7025-C-9285,remember
148,FURN-1647-A-2817,situation
149,APP-4761-B-3535,require
150,TOOL-7311-A-5372,result
151,ELEC-1597-C-8208,claim
152,APP-7073-C-3138,describe
153,TOOL-3597-B-5776,walk
154,GARDEN-5746-B-6387,research
155,TOOL-3009-B-8429,whom
156,GARDEN-5293-B-3525,actually
157,APP-4666-B-2148,identify
158,TOOL-1009-B-9534,thing
159,ELEC-3259-A-1873,performance
160,FURN-5508-A-7473,card
161,TOOL-5180-C-5913,skill
162,ELEC-9388-C-8119,there
163,GARDEN-2528-B-8204,international
164,ELEC-1812-B-8449,piece
165,FURN-2829-A-3043,available
166,APP-7326-C-7345,production
167,TOOL-1029-A-6253,environment
168,GARDEN-1168-C-1558,value
169,APP-7841-C-8598,people
170,TOOL-4971-A-5336,pick
171,ELEC-2934-A-8833,hear
172,ELEC-1883-A-5213,seem
173,APP-3618-C-5068,produce
174,TOOL-6447-C-2072,respond
175,TOOL-4185-B-9470,me
176,APP-2417-C-9180,ball
177,GARDEN-7926-B-9864,off
178,ELEC-5927-C-2530,pressure
179,APP-7923-C-6199,member
180,ELEC-3616-B-1043,seat
181,TOOL-6436-B-7720,rule
182,ELEC-6338-C-6629,race
183,ELEC-9910-C-3565,level
184,ELEC-8212-B-4506,career
185,GARDEN-2067-A-4753,front
186,GARDEN-1449-C-3827,ahead
187,ELEC-1566-C-2885,authority
188,TOOL-7546-A-3203,without
189,TOOL-3319-B-1861,hotel
190,TOOL-6182-A-3241,central
191,TOOL-9233-C-9899,road
192,ELEC-5143-B-2945,give
193,ELEC-9344-A-1936,far
194,FURN-2214-A-2650,remain
195,GARDEN-4082-A-6475,glass
196,FURN-7325-C-3706,response
197,ELEC-8786-A-7088,phone
198,GARDEN-3130-A-1558,investment
199,APP-3282-B-9829,health
200,ELEC-1012-C-7090,number
201,APP-9339-A-8144,believe
202,FURN-9443-C-6698,along
203,ELEC-8376-B-2496,image
204,ELEC-5432-C-6246,spring
205,FURN-8626-A-9388,decision
206,GARDEN-6535-B-5751,development
207,FURN-5600-C-4643,true
208,FURN-8039-B-7131,ahead
209,TOOL-4545-C-7601,buy
210,TOOL-6091-B-9392,network
211,ELEC-2403-A-1759,open
212,APP-2700-B-9028,thank
213,GARDEN-7662-B-2806,station
214,FURN-7011-B-7350,only
215,FURN-8884-B-6998,method
216,TOOL-5026-C-2707,newspaper
217,ELEC-5908-A-8985,structure
218,GARDEN-5466-C-4762,election
219,ELEC-7548-C-7077,avoid
220,GARDEN-1011-B-5120,soon
221,APP-2350-C-6253,treatment
222,GARDEN-8612-B-2057,coach
223,ELEC-4201-B-2509,far
224,GARDEN-8140-A-1562,writer
225,FURN-4438-B-9815,western
226,APP-4972-C-4052,clear
227,TOOL-6289-A-2419,low
228,GARDEN-9595-B-8538,president
229,ELEC-3169-C-5494,machine
230,ELEC-5494-A-3134,her
231,FURN-3114-B-7846,figure
232,ELEC-9769-B-5252,fish
233,APP-3618-A-7919,catch
234,ELEC-8756-A-8846,raise
235,APP-1448-A-9220,service
236,APP-3139-B-6606,medical
237,GARDEN-8813-C-1614,your
238,TOOL-3465-A-4333,field
239,TOOL-7787-C-7857,work
240,TOOL-8404-B-1615,fund
241,TOOL-7523-B-7211,prepare
242,TOOL-5836-C-7162,throughout
243,FURN-9065-C-6282,article
244,TOOL-5217-A-5761,personal
245,APP-3963-A-9499,of
246,TOOL-7772-B-5546,main
247,TOOL-9440-A-1832,onto
248,TOOL-6251-B-8616,institution
249,FURN-8999-A-9145,those
250,FURN-1276-A-5612,buy
251,FURN-7458-C-4663,suffer
252,ELEC-4465-A-2261,they
253,GARDEN-3908-B-8627,piece
254,GARDEN-6094-A-8448,different
255,ELEC-9544-A-9599,level
256,ELEC-3472-B-2632,create
257,APP-2704-B-8751,later
258,ELEC-9327-B-1152,bit
259,APP-2332-C-6270,star
260,GARDEN-8874-A-4525,employee
261,GARDEN-2869-C-8834,argue
262,GARDEN-9158-A-9097,of
263,APP-9630-B-1722,might
264,APP-2444-C-5624,nature
265,FURN-8603-A-1462,week
266,ELEC-8881-B-5143,argue
267,FURN-4838-A-2573,reflect
268,GARDEN-2415-A-8179,home
269,FURN-7546-C-5960,doctor
270,ELEC-6934-B-5811,environment
271,APP-1151-B-6420,prove
272,APP-4131-B-6060,stage
273,ELEC-7184-A-6406,begin
274,TOOL-5995-B-5091,total
275,APP-2616-A-7773,require
276,GARDEN-5059-A-4468,stand
277,FURN-2214-B-7182,her
278,FURN-7892-A-1053,board
279,TOOL-3600-B-4773,radio
280,FURN-5930-A-6036,mean
281,TOOL-1986-C-6162,opportunity
282,APP-4293-B-4434,music
283,GARDEN-3991-A-9032,strong
284,APP-2979-A-7867,investment
285,GARDEN-4825-B-3242,anything
286,GARDEN-5054-B-3559,begin
287,ELEC-7297-B-6917,fill
288,GARDEN-5805-A-9561,prepare
289,ELEC-8257-C-4056,sometimes
290,APP-8117-A-7034,moment
291,FURN-4108-A-4760,film
292,GARDEN-2425-A-4193,always
293,ELEC-8005-C-6036,will
294,APP-4050-B-4561,civil
295,TOOL-3406-C-9865,several
296,ELEC-9444-B-9747,yet
297,FURN-5492-C-1929,smile
298,GARDEN-6394-A-2680,almost
299,GARDEN-9685-B-3974,measure
300,FURN-3110-B-2729,tend
301,ELEC-4625-B-5127,four
302,ELEC-4803-A-6731,Mr
303,TOOL-1368-A-8395,teacher
304,ELEC-6174-C-7349,present
305,FURN-5305-C-3149,similar
306,ELEC-9832-A-6282,ever
307,TOOL-6684-B-3966,bank
308,GARDEN-9707-B-3000,point
309,APP-2024-A-1216,class
310,FURN-9878-B-3386,candidate
311,TOOL-3095-B-6181,institution
312,GARDEN-3898-C-3094,this
313,APP-2587-B-3380,machine
314,ELEC-1408-C-3951,next
315,APP-6686-B-8857,policy
316,TOOL-6671-C-1128,decade
317,FURN-8568-B-7941,heavy
318,FURN-4963-C-7176,hear
319,TOOL-4820-B-5584,agency
320,TOOL-3704-C-3488,newspaper
321,ELEC-9915-A-7158,line
322,TOOL-6486-C-1628,before
323,APP-4145-B-1800,church
324,ELEC-5192-B-7600,theory
325,ELEC-8510-C-4244,arm
326,TOOL-5678-A-6061,try
327,APP-6774-A-4546,agreement
328,GARDEN-7911-A-4327,set
329,GARDEN-5893-A-4409,still
330,GARDEN-1773-B-2952,number
331,TOOL-4660-C-6099,store
332,APP-1781-A-2570,to
333,ELEC-2090-B-2432,site
334,FURN-9834-A-4005,control
335,ELEC-1472-B-1577,raise
336,TOOL-4829-A-2375,receive
337,ELEC-4286-A-4254,important
338,ELEC-4218-C-7556,camera
339,GARDEN-3262-C-6796,choice
340,FURN-4729-A-1033,represent
341,TOOL-2764-B-4999,another
342,TOOL-6467-C-8423,age
343,GARDEN-7609-A-4348,happy
344,APP-4464-A-3702,close
345,APP-2511-B-3501,team
346,TOOL-5971-B-7943,pretty
347,ELEC-2966-C-7274,father
348,ELEC-5039-C-6170,nor
349,ELEC-1422-B-7543,time
350,TOOL-9908-A-9497,environment
351,TOOL-6526-B-1496,message
352,ELEC-6733-B-6634,follow
353,ELEC-1347-B-3636,whether
354,TOOL-8261-A-6026,his
355,TOOL-3558-C-9127,culture
356,ELEC-5174-C-3325,next
357,TOOL-4279-A-8561,candidate
358,FURN-2499-C-4308,mean
359,GARDEN-2675-B-9460,medical
360,TOOL-5369-B-3628,history
361,GARDEN-2971-A-5085,modern
362,GARDEN-9696-B-5596,international
363,TOOL-5053-A-6166,quality
364,ELEC-3824-B-6114,school
365,FURN-4089-A-2344,clearly
366,FURN-3567-C-8029,pass
367,APP-6431-A-3015,account
368,APP-8716-C-7740,course
369,ELEC-8930-A-4082,six
370,GARDEN-6381-C-2354,people
371,APP-6065-B-9619,season
372,APP-6587-B-7191,anything
373,FURN-3357-A-9248,three
374,FURN-5564-B-3430,window
375,GARDEN-8891-C-2592,money
376,ELEC-4138-B-8419,institution
377,GARDEN-8993-B-4351,friend
378,GARDEN-5567-C-7910,prove
379,TOOL-2512-B-6949,professor
380,APP-9840-B-9152,national
381,ELEC-8439-A-4858,animal
382,ELEC-3834-A-7700,floor
383,GARDEN-3023-C-4696,total
384,FURN-2702-A-1628,help
385,ELEC-7443-B-5147,newspaper
386,APP-2470-C-2902,life
387,APP-7289-C-7848,that
388,FURN-7024-C-3369,the
389,FURN-2581-B-9019,thus
390,FURN-4426-C-3934,positive
391,TOOL-3462-A-4847,order
392,APP-6466-C-9650,similar
393,TOOL-9912-A-4551,while
394,TOOL-4641-B-8017,official
395,GARDEN-7168-B-5891,send
396,ELEC-1560-B-5434,worker
397,ELEC-7222-B-7794,same
398,FURN-7916-A-2358,onto
399,ELEC-4285-B-3626,itself
400,TOOL-3492-A-3430,store
401,ELEC-4159-C-9380,himself
402,TOOL-4481-B-9705,strong
403,GARDEN-1504-C-5643,order
404,GARDEN-8281-B-9912,project
405,APP-1787-B-8230,return
406,APP-8364-B-9078,data
407,GARDEN-8607-C-4624,name
408,APP-7534-C-6931,history
409,FURN-4541-A-3801,opportunity
410,TOOL-6278-A-6361,cultural
411,APP-6541-A-1174,lead
412,FURN-4102-A-3747,since
413,GARDEN-4174-C-2198,training
414,ELEC-8931-C-9915,job
415,APP-4867-B-3304,beat
416,ELEC-9635-A-7835,from
417,ELEC-7633-A-9640,necessary
418,GARDEN-2674-A-3150,practice
419,TOOL-5419-A-6432,watch
420,APP-9743-C-1502,successful
421,TOOL-5851-B-4354,represent
422,FURN-7445-A-9411,store
423,ELEC-7138-B-9257,she
424,FURN-9242-C-8234,leg
425,GARDEN-1271-B-5007,investment
426,FURN-3080-A-4214,glass
427,APP-9933-B-1584,probably
428,ELEC-1027-C-4147,ready
429,TOOL-7303-B-7011,page
430,APP-6485-C-7620,dark
431,APP-9331-A-1536,growth
432,ELEC-1131-B-8520,score
433,ELEC-6337-B-2884,very
434,APP-6342-C-2294,watch
435,ELEC-7705-A-1778,however
436,TOOL-3985-C-1905,race
437,TOOL-3126-B-4499,food
438,APP-2931-C-1407,under
439,GARDEN-9942-B-1501,music
440,APP-4712-A-3377,number
441,FURN-9224-A-9348,hospital
442,APP-7892-B-1798,most
443,FURN-9786-B-7228,onto
444,FURN-7642-B-4630,what
445,TOOL-1995-C-3602,action
446,TOOL-9128-A-5098,group
447,FURN-9417-B-2429,never
448,ELEC-1626-A-1384,themselves
449,ELEC-9860-C-4638,key
450,APP-6819-C-1073,during
451,GARDEN-5507-C-6962,site
452,TOOL-7114-B-9140,election
453,ELEC-5912-A-4891,leg
454,GARDEN-8607-C-9344,adult
455,TOOL-2508-C-7084,west
456,ELEC-1431-A-4169,leave
457,GARDEN-3562-A-7660,under
458,TOOL-7039-C-7146,somebody
459,FURN-6522-B-2151,chance
460,ELEC-5163-A-9160,occur
461,GARDEN-4806-B-6231,two
462,GARDEN-2567-B-2420,each
463,ELEC-9357-C-5511,to
464,FURN-4024-A-8931,decision
465,GARDEN-9522-A-3861,personal
466,APP-3926-A-8345,consider
467,APP-8362-A-7724,word
468,APP-8298-C-5848,summer
469,ELEC-1405-B-1789,recently
470,FURN-2499-A-7110,admit
471,TOOL-3184-A-8533,himself
472,ELEC-8790-B-1728,civil
473,TOOL-4392-B-9477,democratic
474,FURN-5037-B-1568,study
475,APP-8717-C-9419,join
476,APP-5142-A-7231,three
477,ELEC-4323-A-6987,share
478,TOOL-2161-C-7229,throughout
479,GARDEN-9041-A-4490,usually
480,GARDEN-8444-B-6155,mind
481,FURN-2268-C-7638,stay
482,FURN-6636-C-1093,television
483,GARDEN-6950-A-6777,audience
484,GARDEN-5349-C-5814,single
485,TOOL-1483-C-9885,help
486,GARDEN-1873-B-8157,throw
487,GARDEN-9413-C-1118,throughout
488,APP-3916-A-9647,far
489,FURN-4810-C-7650,use
490,GARDEN-8840-C-2316,southern
491,FURN-3564-A-8226,far
492,APP-1022-B-7615,room
493,FURN-9031-B-6029,production
494,APP-8116-A-1620,visit
495,GARDEN-1586-C-7113,themselves
496,TOOL-7421-C-7436,few
497,APP-1453-B-3759,ahead
498,FURN-6043-A-3647,base
499,GARDEN-8529-A-6712,explain
500,APP-1542-C-7007,business
501,TOOL-4882-A-4556,run
502,ELEC-3933-A-2032,hold
503,FURN-2206-A-7752,ball
504,GARDEN-6164-A-2808,next
505,ELEC-2644-C-6255,relationship
506,APP-9461-C-2868,generation
507,TOOL-6238-B-3463,six
508,FURN-8387-B-9580,person
509,GARDEN-1711-C-4809,buy
510,ELEC-2425-A-8990,kitchen
511,FURN-6068-A-7050,center
512,FURN-6723-C-4037,rather
513,TOOL-9521-B-1761,respond
514,TOOL-5257-C-4070,TV
515,ELEC-8151-B-9049,with
516,TOOL-6248-C-6523,from
517,GARDEN-5241-A-1598,system
518,FURN-3089-B-6294,power
519,APP-4401-A-5931,beautiful
520,ELEC-2620-B-9727,fact
521,FURN-9847-A-6002,design
522,ELEC-4161-C-9322,kind
523,FURN-3543-B-1107,sister
524,GARDEN-2729-A-5423,receive
525,APP-1447-B-5329,program
526,FURN-7311-B-5871,country
527,ELEC-5035-C-5524,mother
528,FURN-9868-B-8947,understand
529,FURN-1174-C-4865,station
530,APP-8465-C-4360,various
531,TOOL-4697-A-3420,bank
532,FURN-2796-A-4530,trade
533,TOOL-6519-A-6840,car
534,ELEC-4016-A-3022,moment
535,TOOL-1390-C-1814,least
536,FURN-8117-A-6265,per
537,FURN-9573-A-9816,treat
538,GARDEN-4759-C-5414,light
539,GARDEN-3485-C-1226,popular
540,APP-1205-A-6821,yes
541,TOOL-4732-B-3235,star
542,TOOL-8431-C-7440,edge
543,ELEC-6248-A-3677,crime
544,TOOL-9963-B-7037,run
545,APP-6807-A-9014,fine
546,ELEC-7682-A-1884,fear
547,ELEC-9405-C-1676,bring
548,APP-5279-C-8156,thank
549,GARDEN-8236-B-6246,agent
550,ELEC-2316-A-6294,probably
551,GARDEN-8883-C-6071,or
552,FURN-7763-C-9180,affect
553,APP-1531-B-5842,keep
554,ELEC-5810-A-6663,treat
555,FURN-5684-A-8747,nor
556,APP-9894-C-6956,model
557,TOOL-7447-C-8880,catch
558,GARDEN-7247-A-5896,grow
559,TOOL-2038-B-5834,play
560,FURN-2194-A-2573,possible
561,GARDEN-8282-B-6382,begin
562,ELEC-1909-A-3086,space
563,GARDEN-7312-A-2471,who
564,TOOL-8900-C-2961,officer
565,TOOL-1912-A-2942,chance
566,APP-5814-B-7813,start
567,APP-1995-A-8165,truth
568,ELEC-7259-C-1974,understand
569,ELEC-8767-B-8673,officer
570,FURN-3061-A-6599,give
571,TOOL-1326-C-2836,would
572,ELEC-2125-A-6231,almost
573,ELEC-8431-C-8645,body
574,TOOL-3180-B-2454,per
575,APP-7760-C-7689,across
576,GARDEN-6853-A-8984,or
577,TOOL-1297-A-2181,bag
578,GARDEN-9197-C-9428,inside
579,APP-5525-C-5825,former
580,GARDEN-7014-A-6659,others
581,GARDEN-9833-B-2557,report
582,FURN-3796-A-4312,success
583,GARDEN-4873-B-3445,apply
584,FURN-2953-A-5677,mind
585,ELEC-3168-B-1414,best
586,GARDEN-8544-A-9821,large
587,FURN-7013-A-8518,product
588,GARDEN-4505-C-1794,yourself
589,APP-2738-B-7139,surface
590,GARDEN-1829-A-2299,this
591,APP-2505-B-6461,approach
592,FURN-5829-C-2950,various
593,FURN-1579-A-6799,gas
594,ELEC-5203-A-6143,dog
595,FURN-4011-A-4621,four
596,GARDEN-5237-A-3189,bring
597,APP-9024-C-2577,over
598,GARDEN-1885-B-8464,development
599,GARDEN-7617-C-4151,yeah
600,ELEC-6972-B-9574,quite
601,APP-8239-B-6608,choice
602,TOOL-4885-C-3920,media
603,FURN-5026-A-7283,speak
604,ELEC-4991-A-2522,item
605,APP-9840-A-5659,above
606,GARDEN-9794-C-8006,easy
607,GARDEN-6448-A-7586,work
608,GARDEN-3601-B-3544,human
609,GARDEN-1512-B-9268,perform
610,FURN-9749-B-3885,throughout
611,TOOL-5608-B-5969,education
612,TOOL-9209-B-2092,realize
613,TOOL-2697-C-6545,ground
614,GARDEN-2768-A-6366,dinner
615,APP-1819-A-3883,war
616,APP-7194-A-8591,year
617,FURN-9901-A-2898,interview
618,TOOL-7263-C-1428,couple
619,TOOL-5086-B-8839,into
620,ELEC-3779-A-2312,into
621,GARDEN-8511-C-1354,finally
622,APP-7850-B-3062,history
623,ELEC-9833-A-1412,strong
624,GARDEN-1124-B-2991,seek
625,FURN-6017-B-2208,control
626,ELEC-9773-A-6918,less
627,TOOL-5127-C-3873,probably
628,GARDEN-9562-C-6049,goal
629,GARDEN-6750-B-9718,include
630,FURN-7823-C-7774,carry
631,TOOL-9341-A-7585,human
632,TOOL-1502-B-8632,write
633,FURN-1579-B-7065,yet
634,GARDEN-1778-B-7606,probably
635,TOOL-3523-C-6158,around
636,TOOL-1066-A-6306,meet
637,GARDEN-2664-A-4302,police
638,GARDEN-2856-C-2239,key
639,TOOL-7996-C-4303,pretty
640,TOOL-1599-B-9085,threat
641,ELEC-5279-A-7126,manager
642,ELEC-4943-C-9854,accept
643,APP-5231-C-8137,issue
644,TOOL-2764-A-5488,half
645,APP-7513-C-5592,then
646,GARDEN-5639-C-6046,oil
647,APP-5862-C-2260,although
648,GARDEN-4858-A-9251,become
649,APP-6558-C-5533,moment
650,TOOL-8768-C-9200,Mrs
651,APP-3815-A-3511,operation
652,APP-3266-B-9746,nature
653,FURN-6869-C-8448,draw
654,FURN-5151-B-7420,total
655,GARDEN-2777-B-7974,north
656,ELEC-1448-C-9089,upon
657,APP-8617-A-9330,travel
658,FURN-2601-A-4613,chair
659,TOOL-1011-B-7404,whether
660,ELEC-9713-B-4829,yard
661,GARDEN-5990-A-1909,church
662,FURN-6374-B-8728,five
663,APP-9372-B-3184,radio
664,ELEC-3751-C-4656,piece
665,GARDEN-5148-B-1915,machine
666,APP-2349-B-4293,laugh
667,ELEC-4145-A-7202,whether
668,FURN-4205-C-8479,adult
669,APP-3031-B-5137,contain
670,APP-4431-C-3434,maintain
671,ELEC-2655-C-7759,painting
672,TOOL-7841-A-3086,kid
673,GARDEN-3150-B-2450,main
674,TOOL-4976-A-2455,all
675,GARDEN-1352-B-3592,I
676,TOOL-6860-C-4833,already
677,TOOL-7931-A-8025,product
678,APP-4083-B-4478,mind
679,FURN-7572-B-2301,few
680,TOOL-9277-B-6823,industry
681,GARDEN-2982-A-3976,that
682,TOOL-7976-C-3185,officer
683,FURN-9435-B-3709,enter
684,APP-5813-B-3613,authority
685,APP-4280-A-1277,hard
686,TOOL-2957-B-1888,off
687,TOOL-5694-B-6395,travel
688,FURN-1517-C-8547,indeed
689,TOOL-6684-C-3335,north
690,APP-4746-C-6532,course
691,ELEC-5013-A-1200,thousand
692,ELEC-7000-B-1483,director
693,FURN-8852-B-2881,interesting
694,TOOL-2829-C-2841,special
695,GARDEN-4422-C-9280,white
696,ELEC-9269-A-4210,free
697,TOOL-1551-A-3059,challenge
698,FURN-5705-A-1890,money
699,FURN-5247-C-7108,read
700,GARDEN-6443-A-4668,from
701,FURN-6841-C-7691,our
702,GARDEN-8562-C-4129,rule
703,FURN-8815-B-2734,hotel
704,FURN-9933-A-2633,walk
705,TOOL-1046-C-1614,begin
706,FURN-7057-B-2100,beyond
707,TOOL-8328-A-4683,Republican
708,APP-4021-A-7188,north
709,APP-4049-C-2604,evening
710,GARDEN-3750-B-6381,benefit
711,TOOL-5384-C-8304,role
712,GARDEN-1908-B-4397,issue
713,FURN-5681-C-5609,service
714,ELEC-9335-C-6254,herself
715,APP-8840-A-5394,around
716,TOOL-9934-B-4908,value
717,TOOL-5635-A-6178,whom
718,GARDEN-2043-A-1218,TV
719,ELEC-6644-B-9271,step
720,TOOL-5727-C-9233,necessary
721,ELEC-1996-C-5522,matter
722,GARDEN-1253-B-1067,miss
723,APP-6140-B-4350,civil
724,TOOL-5146-C-3560,situation
725,ELEC-1046-B-6276,friend
726,APP-7637-B-3074,view
727,GARDEN-7001-C-2361,within
728,ELEC-9583-A-8495,represent
729,GARDEN-5047-A-4382,room
730,ELEC-5770-B-3338,mean
731,TOOL-9777-C-3683,require
732,APP-9929-C-1851,state
733,FURN-4458-C-9455,itself
734,FURN-7013-A-1129,sense
735,FURN-8834-A-5340,store
736,APP-8373-B-8214,bad
737,TOOL-6811-A-9033,alone
738,APP-2751-A-6625,identify
739,GARDEN-4503-B-5890,that
740,ELEC-8770-B-8005,fund
741,TOOL-2820-B-5778,yes
742,APP-4539-C-6432,I
743,ELEC-2461-C-7566,risk
744,FURN-5771-B-9639,he
745,APP-5499-B-1699,happy
746,ELEC-5800-A-6105,shoulder
747,FURN-5935-C-1169,perhaps
748,GARDEN-7698-C-1152,involve
749,GARDEN-9776-A-9828,approach
750,TOOL-2768-A-6360,account
751,ELEC-8089-B-3429,suddenly
752,FURN-6739-B-7003,among
753,FURN-4360-A-3626,campaign
754,ELEC-3055-C-4389,meet
755,FURN-5312-B-6571,probably
756,APP-6526-B-1971,entire
757,GARDEN-7115-C-3228,attorney
758,ELEC-6048-B-9293,choice
759,GARDEN-1513-A-5650,expect
760,FURN-5737-B-5434,foot
761,ELEC-2223-B-7679,hot
762,APP-5142-A-5822,choice
763,ELEC-7940-A-9587,realize
764,APP-5004-C-1544,together
765,TOOL-9422-C-5513,generation
766,FURN-2689-A-2442,room
767,FURN-6450-C-4791,book
768,TOOL-9507-C-9295,trial
769,ELEC-3467-C-5114,maintain
770,ELEC-2343-B-3456,me
771,GARDEN-4591-B-9111,trouble
772,GARDEN-2267-A-5269,without
773,APP-5300-B-5301,movie
774,APP-9223-B-8273,care
775,TOOL-9852-C-5965,amount
776,GARDEN-4788-B-5971,fear
777,GARDEN-4220-C-6493,dark
778,APP-9985-A-1660,participant
779,GARDEN-4308-A-6339,program
780,TOOL-5106-B-1347,base
781,TOOL-3621-A-9499,current
782,GARDEN-6105-A-3687,save
783,GARDEN-7423-B-6434,senior
784,ELEC-5201-A-6395,ball
785,ELEC-4251-C-9140,condition
786,GARDEN-4298-C-9008,send
787,APP-2201-A-5598,fine
788,FURN-7316-C-5487,tend
789,APP-5464-A-8960,shoulder
790,TOOL-6768-C-2946,his
791,FURN-8691-A-7004,part
792,APP-7464-A-4414,development
793,TOOL-2704-B-4189,current
794,APP-7394-A-6813,room
795,APP-7786-B-1811,a
796,GARDEN-4701-A-1812,resource
797,ELEC-5838-B-5132,boy
798,APP-1015-C-7260,red
799,GARDEN-1110-C-2032,both
800,APP-7609-A-6621,these
801,ELEC-5876-C-7982,gas
802,FURN-4462-A-8490,create
803,FURN-4454-C-3210,nothing
804,GARDEN-8869-B-9386,positive
805,APP-7196-B-8757,somebody
806,APP-1207-B-8206,artist
807,GARDEN-7310-B-1920,clearly
808,FURN-3786-B-6083,his
809,ELEC-7836-B-2426,article
810,ELEC-3255-C-3871,shake
811,ELEC-4365-B-8055,method
812,ELEC-5842-B-3470,ago
813,FURN-2974-B-9887,tend
814,TOOL-4034-C-3562,itself
815,FURN-9583-C-3069,live
816,GARDEN-8102-B-9607,worker
817,ELEC-5330-A-2140,admit
818,FURN-6584-C-1939,common
819,APP-8040-B-8765,certain
820,ELEC-3395-A-3956,by
821,FURN-8798-B-1384,conference
822,APP-4108-B-4558,recent
823,FURN-3088-C-9945,computer
824,APP-9357-C-4353,party
825,APP-6264-B-6255,wrong
826,GARDEN-1389-A-8983,while
827,ELEC-6156-A-5189,off
828,ELEC-9240-C-2251,subject
829,ELEC-5893-B-1793,board
830,GARDEN-6081-B-1742,sure
831,GARDEN-1535-A-6503,cause
832,GARDEN-3683-C-7549,capital
833,TOOL-4524-C-8497,speech
834,GARDEN-1910-B-5426,fall
835,ELEC-8434-A-2648,real
836,ELEC-7683-A-3898,health
837,FURN-6816-A-3855,stuff
838,TOOL-6108-C-2641,indeed
839,FURN-9388-C-8185,especially
840,FURN-9187-A-2345,hour
841,GARDEN-2724-A-4571,that
842,ELEC-2320-A-8254,institution
843,TOOL-5821-C-2911,mother
844,FURN-8382-B-2349,attorney
845,GARDEN-8958-A-4946,southern
846,APP-7457-C-2379,model
847,GARDEN-3782-B-8565,cause
848,FURN-2292-B-6858,appear
849,FURN-7689-C-4850,young
850,ELEC-7751-A-7784,call
851,TOOL-7697-C-3221,pattern
852,FURN-3900-B-5646,manage
853,GARDEN-1450-B-9357,seat
854,ELEC-5023-A-1786,stock
855,FURN-2860-B-2320,tough
856,APP-6151-B-3974,truth
857,FURN-4223-C-7206,six
858,TOOL-8701-C-1962,light
859,GARDEN-7978-B-2990,within
860,FURN-5145-B-8081,Mr
861,TOOL-8544-B-3250,mention
862,APP-5728-C-5037,president
863,ELEC-9406-A-6787,local
864,GARDEN-1329-C-2234,family
865,ELEC-5128-B-3412,either
866,APP-1024-C-7094,arrive
867,APP-5147-B-3369,how
868,APP-7377-B-6202,she
869,GARDEN-5831-B-8034,wall
870,FURN-5871-B-3024,somebody
871,ELEC-5071-A-2792,letter
872,ELEC-8137-A-5408,respond
873,APP-1245-C-9660,stay
874,TOOL-8491-A-4066,in
875,GARDEN-1484-C-8479,material
876,GARDEN-8277-A-9504,direction
877,ELEC-8951-A-3907,what
878,TOOL-8595-C-5292,race
879,FURN-5270-B-2990,treat
880,ELEC-2364-B-6932,instead
881,FURN-5912-B-7063,industry
882,APP-9870-C-6149,score
883,FURN-5621-B-9521,she
884,TOOL-2809-A-7689,husband
885,TOOL-3423-B-2396,thing
886,FURN-9427-B-1899,wear
887,FURN-3453-C-6968,decision
888,ELEC-4897-A-1764,sport
889,APP-1069-A-3010,too
890,TOOL-5181-B-6014,financial
891,ELEC-7671-C-5896,management
892,GARDEN-8649-B-8342,continue
893,TOOL-3999-B-6625,open
894,APP-1713-A-2378,cut
895,ELEC-6654-A-7132,character
896,TOOL-7386-A-7913,others
897,ELEC-2563-C-1189,impact
898,ELEC-2671-C-4196,movement
899,GARDEN-3688-A-7111,avoid
900,FURN-6621-C-4812,draw
901,TOOL-8693-B-4431,tough
902,ELEC-9196-A-2262,goal
903,FURN-1943-C-5246,forget
904,APP-3524-B-1374,car
905,GARDEN-6937-B-6779,theory
906,GARDEN-6582-C-9170,simple
907,GARDEN-4227-A-4521,total
908,FURN-1538-A-9324,day
909,APP-6776-A-9539,mission
910,FURN-5095-C-5330,near
911,FURN-7181-A-4909,possible
912,FURN-9928-A-7706,wall
913,APP-3141-A-9627,dark
914,GARDEN-4890-A-8729,news
915,ELEC-9679-A-3826,world
916,TOOL-7557-A-5951,interview
917,FURN-3674-A-7415,all
918,APP-7684-C-4621,community
919,FURN-6722-B-2497,hand
920,ELEC-6554-A-1832,open
921,TOOL-8004-B-1766,kind
922,FURN-2577-B-7548,matter
923,FURN-3463-A-2807,it
924,FURN-5988-B-3360,kind
925,GARDEN-6090-A-9419,note
926,ELEC-3162-B-2909,heavy
927,APP-8999-C-7406,firm
928,ELEC-7580-A-4048,effort
929,APP-9499-A-6470,enough
930,TOOL-3601-C-4012,site
931,GARDEN-8545-A-9917,every
932,FURN-7214-B-2972,six
933,ELEC-4443-A-4438,drug
934,FURN-2150-C-5014,skill
935,APP-2258-B-4763,ok
936,GARDEN-2155-C-1405,TV
937,GARDEN-1995-A-8558,billion
938,TOOL-8512-C-7356,north
939,FURN-5784-B-6786,thus
940,FURN-5309-A-2847,rich
941,ELEC-6972-B-6239,turn
942,TOOL-8858-B-7020,plan
943,ELEC-8232-C-7357,usually
944,APP-1072-B-8541,simple
945,FURN-6315-C-6418,employee
946,FURN-7509-B-6679,movement
947,ELEC-3793-A-2131,lay
948,ELEC-1786-C-6945,suggest
949,TOOL-2511-B-8560,involve
950,TOOL-9396-C-4248,Democrat
951,APP-3192-C-1316,coach
952,TOOL-7251-C-9711,point
953,FURN-5968-C-9715,course
954,ELEC-2687-A-7820,while
955,TOOL-6242-A-7748,writer
956,TOOL-1579-C-3498,laugh
957,APP-1828-C-1571,still
958,ELEC-5404-A-2770,child
959,APP-5891-B-3971,expect
960,APP-2178-B-7184,enough
961,TOOL-8365-C-9481,offer
962,APP-9721-B-4410,region
963,FURN-7799-A-5604,huge
964,ELEC-6609-C-1956,relate
965,TOOL-8116-A-8622,TV
966,ELEC-1437-A-7732,heart
967,ELEC-5325-C-9669,our
968,ELEC-9145-A-2810,authority
969,GARDEN-9479-C-5619,should
970,GARDEN-2626-A-4434,use
971,GARDEN-5588-B-5059,close
972,TOOL-1472-A-8443,woman
973,TOOL-9219-B-6265,write
974,TOOL-2333-C-6030,whole
975,FURN-5913-A-4205,bit
976,GARDEN-1984-B-1535,age
977,TOOL-6224-B-8691,apply
978,TOOL-5838-C-1993,bring
979,TOOL-9139-A-2390,meet
980,ELEC-1424-C-5864,pattern
981,TOOL-9579-A-5914,movie
982,FURN-8921-C-6711,think
983,FURN-2950-B-6053,stock
984,FURN-1332-C-2110,within
985,ELEC-1182-B-6272,perhaps
986,GARDEN-1707-C-3422,position
987,ELEC-9734-A-9141,party
988,GARDEN-2319-A-9170,care
989,FURN-2650-B-4203,fear
990,ELEC-5534-C-6063,plant
991,GARDEN-7167-C-5541,letter
992,FURN-8633-B-6081,point
993,ELEC-1474-A-5594,huge
994,APP-6055-A-9605,movie
995,GARDEN-4648-B-9284,certain
996,FURN-1013-B-7093,year
997,TOOL-4546-C-3783,strategy
998,ELEC-7948-C-5660,address
999,GARDEN-7452-B-7085,and
1000,FURN-6787-C-8919,thought
1001,APP-3863-A-1132,peace
1002,GARDEN-8385-B-2168,begin
1003,APP-5392-C-4058,religious
1004,FURN-4916-B-1764,recent
1005,GARDEN-7988-B-3775,magazine
1006,ELEC-8884-B-3689,as
1007,FURN-7612-A-6774,glass
1008,ELEC-6440-B-7146,able
1009,APP-4568-C-2859,because
1010,ELEC-8563-C-8400,the
1011,GARDEN-6701-A-7398,something
1012,ELEC-1803-B-5537,herself
1013,FURN-8436-A-1904,team
1014,TOOL-9002-C-3345,ask
1015,GARDEN-7885-A-4651,most
1016,FURN-9709-A-2357,return
1017,FURN-7471-B-6321,material
1018,ELEC-8070-B-2514,national
1019,GARDEN-3329-C-7773,cut
1020,GARDEN-4174-A-1627,image
1021,FURN-1624-B-8491,hour
1022,FURN-5703-A-8625,performance
1023,GARDEN-4659-B-2918,choice
1024,APP-3302-C-4447,firm
1025,GARDEN-8914-B-5086,generation
1026,APP-6249-A-2558,everybody
1027,GARDEN-3662-B-8165,specific
1028,FURN-2919-A-1298,major
1029,ELEC-8047-A-3306,effect
1030,APP-4075-A-5694,person
1031,FURN-7649-C-7774,suggest
1032,APP-2263-B-9700,fall
1033,APP-4790-C-1412,while
1034,APP-7653-C-3961,south
1035,GARDEN-8362-A-5624,already
1036,TOOL-9219-A-7551,allow
1037,GARDEN-7530-A-6377,something
1038,FURN-8288-A-9110,city
1039,GARDEN-7962-C-8957,whether
1040,APP-6166-B-4130,design
1041,ELEC-5749-C-7198,interesting
1042,FURN-2598-A-2884,action
1043,GARDEN-7770-B-2371,collection
1044,GARDEN-9609-B-1832,either
1045,GARDEN-2603-B-5245,call
1046,ELEC-9934-C-8920,moment
1047,APP-1615-A-5445,receive
1048,TOOL-8436-C-4375,already
1049,TOOL-6930-A-7292,year
1050,GARDEN-5934-C-7606,always
1051,GARDEN-3054-C-1121,billion
1052,APP-3625-B-9579,oil
1053,APP-1125-A-3704,ball
1054,GARDEN-2983-C-3453,claim
1055,APP-8391-B-2201,yeah
1056,APP-4393-B-4139,democratic
1057,GARDEN-9191-B-5410,lay
1058,ELEC-3100-C-3688,whatever
1059,TOOL-9441-B-7080,conference
1060,TOOL-9227-C-1274,crime
1061,TOOL-8771-C-4305,amount
1062,GARDEN-7731-A-4454,fast
1063,ELEC-7601-A-3798,property
1064,GARDEN-8595-B-9423,fund
1065,ELEC-2674-C-6835,than
1066,APP-2217-C-7951,race
1067,GARDEN-5746-C-5912,worry
1068,ELEC-2558-A-7947,style
1069,FURN-8952-B-2935,I
1070,APP-2877-B-9955,determine
1071,APP-6075-C-5510,firm
1072,GARDEN-6891-A-4235,word
1073,APP-2509-C-8059,land
1074,GARDEN-3085-B-7921,quite
1075,APP-2237-C-9882,how
1076,APP-7076-A-5506,theory
1077,TOOL-4956-A-1983,talk
1078,ELEC-5818-B-8667,leg
1079,FURN-8869-C-2078,Congress
1080,ELEC-5807-C-4479,seek
1081,TOOL-1463-C-2274,special
1082,TOOL-4849-A-2442,Republican
1083,APP-8193-B-3978,ahead
1084,TOOL-8043-C-2678,down
1085,GARDEN-6660-A-3635,week
1086,TOOL-7287-B-6386,person
1087,APP-4029-C-7559,believe
1088,GARDEN-2014-C-6556,defense
1089,FURN-9358-A-2920,fine
1090,TOOL-3101-B-8113,when
1091,APP-2920-C-6878,majority
1092,FURN-7947-C-6492,hand
1093,TOOL-2806-A-1950,perform
1094,GARDEN-4693-A-4501,various
1095,FURN-7501-A-5863,land
1096,TOOL-7286-A-1196,act
1097,GARDEN-5506-A-2815,stock
1098,FURN-6874-B-2167,military
1099,TOOL-1506-B-6646,weight
1100,FURN-6593-A-8686,three
