visit_id,website_url
1,http://hawkins.biz/
2,http://www.harris-cortez.com/
3,http://carpenter-villarreal.net/
4,https://juarez.org/
5,http://phillips.net/
6,https://diaz.info/
7,http://www.martin-bray.com/
8,https://reyes.com/
9,https://www.fuller-gomez.com/
10,https://lopez-gomez.info/
11,https://sloan.biz/
12,http://www.barrera.com/
13,http://sanders.com/
14,https://www.rowland.com/
15,http://herrera.com/
16,http://www.lewis.net/
17,https://www.thomas.org/
18,https://www.johnson-quinn.biz/
19,http://www.hopkins.biz/
20,http://boyd-livingston.info/
21,https://neal.info/
22,https://roberts.biz/
23,https://brown.com/
24,http://www.briggs-hansen.info/
25,http://castillo.net/
26,http://butler-harrison.com/
27,http://figueroa-campbell.info/
28,https://walker.com/
29,https://www.griffith.com/
30,http://www.stephens-sullivan.biz/
31,https://steele-farrell.biz/
32,http://green-johnson.com/
33,https://nguyen.com/
34,https://www.henry.com/
35,http://www.bennett-mercado.com/
36,http://moss.com/
37,http://www.holder.org/
38,https://www.sullivan-moore.com/
39,https://sharp-cooper.com/
40,https://powers.biz/
41,https://www.golden-smith.com/
42,https://chapman.info/
43,https://www.wells.com/
44,http://www.parker-wilcox.com/
45,http://bolton-woods.com/
46,https://ortiz.com/
47,https://www.vasquez.com/
48,https://www.gray.com/
49,http://www.medina.net/
50,https://newton-kelly.biz/
51,https://www.anderson.org/
52,http://guzman.org/
53,https://www.young.info/
54,http://www.cox.biz/
55,https://allen.com/
56,http://miller.com/
57,https://www.lutz.info/
58,http://lee.com/
59,http://pacheco.com/
60,https://moses-joseph.com/
61,http://www.romero-mitchell.biz/
62,http://www.harmon.biz/
63,http://johnson-barrett.com/
64,https://www.lynn.info/
65,http://santiago-pierce.com/
66,https://www.adams.com/
67,http://www.taylor.com/
68,https://www.berry.org/
69,http://www.thornton.com/
70,http://kelley.net/
71,https://www.middleton.net/
72,http://jackson.com/
73,http://www.durham.org/
74,https://www.dominguez-brown.com/
75,http://www.vazquez.com/
76,https://cabrera-alvarez.com/
77,https://www.hudson-atkinson.org/
78,https://www.jenkins.org/
79,http://www.thompson-anderson.biz/
80,http://bates.com/
81,http://rogers.info/
82,https://www.williams.com/
83,https://www.taylor-fowler.com/
84,http://chan.biz/
85,http://www.mejia.biz/
86,https://arroyo-miller.net/
87,https://day.org/
88,http://www.ashley.com/
89,http://www.scott.net/
90,https://simmons-rose.com/
91,http://hayes.com/
92,https://www.evans.com/
93,https://oneill.org/
94,http://king-owens.org/
95,http://www.richardson-hale.com/
96,https://roberts.com/
97,https://www.dudley-good.org/
98,http://www.williams.com/
99,http://wolfe.com/
100,http://sanchez-mccann.com/
101,http://www.simon-shepard.biz/
102,http://rodriguez-atkinson.com/
103,https://www.hoover-rollins.net/
104,https://www.fernandez.biz/
105,https://www.johnson.com/
106,https://www.kirby-jennings.com/
107,https://www.davis.com/
108,https://reyes.com/
109,https://www.anderson.net/
110,https://curtis-patton.biz/
111,http://lopez.info/
112,http://molina.com/
113,https://kramer-bender.com/
114,https://edwards.com/
115,https://dalton.biz/
116,https://www.ward.org/
117,https://kirk.com/
118,https://www.gregory.org/
119,http://www.suarez.com/
120,http://www.calhoun-phillips.com/
121,https://www.davis-thompson.com/
122,https://www.boone.net/
123,https://www.doyle.com/
124,http://mcclain-aguilar.org/
125,http://www.bruce-wall.com/
126,http://stephens.biz/
127,http://gordon.com/
128,http://george.biz/
129,https://allen.biz/
130,https://oliver.com/
131,https://wilson-lewis.com/
132,https://ryan.com/
133,http://www.downs-gibson.com/
134,https://edwards-hill.com/
135,https://salinas.com/
136,https://www.castaneda.com/
137,http://avila-conway.info/
138,https://www.singh.com/
139,https://olsen-cunningham.com/
140,http://www.pham-alvarez.info/
141,http://weaver-kim.com/
142,http://kelly-webb.com/
143,https://www.morris.com/
144,http://avila-jackson.com/
145,http://sherman-taylor.org/
146,https://norris-galvan.biz/
147,http://black.com/
148,https://bryant.biz/
149,https://www.thomas.com/
150,http://www.williams.org/
151,https://www.sherman.com/
152,https://diaz.biz/
153,http://www.good.com/
154,http://www.smith.biz/
155,http://barron.com/
156,http://www.hubbard-calderon.com/
157,http://www.rangel.com/
158,https://www.rojas.com/
159,https://www.good.biz/
160,https://casey-choi.com/
161,https://www.garrison.com/
162,http://www.lee.com/
163,https://www.thompson.com/
164,http://www.baker.info/
165,http://sullivan.org/
166,https://www.kelley-cantu.com/
167,https://barker.net/
168,http://lopez.biz/
169,http://www.oneill.com/
170,http://www.moran-wade.com/
171,https://morales-wong.net/
172,http://rivera-french.com/
173,http://allen.com/
174,http://www.reyes-nichols.com/
175,https://hopkins-shaw.com/
176,http://www.marshall-stewart.biz/
177,https://www.johnson.com/
178,http://www.knight-gonzalez.org/
179,https://martin.com/
180,https://www.beasley.com/
181,http://johnson.com/
182,https://kelly.com/
183,http://www.perry.biz/
184,https://short.com/
185,http://www.bell.com/
186,http://www.robinson.info/
187,http://www.hall.com/
188,https://murray-carroll.org/
189,https://gonzalez-brooks.com/
190,https://www.hensley.com/
191,https://www.bruce.com/
192,https://barnes.net/
193,http://haas.com/
194,http://www.ramirez.biz/
195,https://garner-morrow.com/
196,http://www.james.net/
197,http://ward.biz/
198,https://www.hampton-church.com/
199,http://www.west.net/
200,http://briggs-fields.com/
201,http://www.fox-park.info/
202,http://www.white-wilson.com/
203,https://www.ritter.biz/
204,http://thornton.com/
205,https://reyes-wells.com/
206,http://www.cunningham.org/
207,https://www.lewis.net/
208,https://smith.com/
209,http://herrera.com/
210,http://www.french-bridges.com/
211,https://scott.com/
212,http://fields.info/
213,https://www.hall.net/
214,https://wheeler.net/
215,https://moreno.com/
216,https://lopez.biz/
217,http://www.porter.net/
218,http://www.durham.com/
219,https://www.moore.com/
220,http://www.acevedo-hernandez.org/
221,https://www.fletcher.com/
222,http://flynn.biz/
223,https://phillips-simon.biz/
224,http://snyder.biz/
225,http://www.foster.biz/
226,http://www.medina.com/
227,https://www.welch.info/
228,http://williams.com/
229,https://harris.net/
230,https://www.stevens.biz/
231,http://www.jones.com/
232,http://hall.com/
233,https://www.howard.com/
234,https://www.rogers-torres.com/
235,https://harris-gamble.net/
236,http://rich.com/
237,https://costa-lopez.com/
238,https://www.rice.info/
239,https://lawson.net/
240,http://www.pierce.com/
241,https://www.williams-collins.info/
242,http://hunt.com/
243,https://rice.org/
244,https://cameron.com/
245,http://anderson.org/
246,https://mckinney-buckley.com/
247,https://leon.biz/
248,http://chang.biz/
249,http://www.wilkerson.com/
250,http://villarreal-paul.com/
251,https://meadows-strickland.com/
252,https://stone-young.com/
253,http://bennett-robertson.info/
254,http://www.williams.com/
255,http://www.kennedy.com/
256,http://www.cannon.com/
257,https://www.wong.com/
258,https://obrien-fletcher.net/
259,https://www.zamora.com/
260,https://www.evans-ward.com/
261,http://thomas-morgan.com/
262,https://phelps-brooks.com/
263,http://diaz-holloway.net/
264,https://allen.com/
265,https://www.morris.info/
266,https://henderson.org/
267,http://www.rodriguez-hunt.com/
268,https://www.wilson.com/
269,https://hall.info/
270,http://simmons.com/
271,https://www.johnson.com/
272,https://smith.com/
273,http://www.walters.com/
274,https://mcdaniel.com/
275,https://reed.biz/
276,https://garrison.net/
277,http://sharp.com/
278,https://hall.net/
279,http://garcia.info/
280,https://cervantes-jackson.org/
281,https://lane.com/
282,https://frank-gibson.com/
283,http://poole-holloway.com/
284,http://www.snyder-sanchez.net/
285,https://galvan.com/
286,http://www.collins.info/
287,https://www.stevens.com/
288,https://www.campbell.com/
289,https://www.butler-mosley.info/
290,http://martinez.info/
291,http://rodriguez.biz/
292,https://www.lopez-bailey.biz/
293,https://smith.net/
294,https://www.jones.com/
295,https://www.owens.com/
296,http://miller-pruitt.com/
297,http://www.williams-hanson.com/
298,http://www.walter-valentine.org/
299,http://thompson.org/
300,http://www.bryant-meyer.com/
301,https://bishop.com/
302,https://www.cook-mckinney.com/
303,http://vega.com/
304,https://wilson.com/
305,https://www.johnson-newton.com/
306,https://www.smith.com/
307,https://craig-nelson.info/
308,http://www.esparza-mcdonald.com/
309,http://www.wyatt-bruce.org/
310,https://chase-goodwin.com/
311,https://stephens.org/
312,https://morales-stone.com/
313,https://www.sawyer.com/
314,https://www.weaver.com/
315,https://www.fisher-smith.com/
316,https://thompson-white.com/
317,https://www.decker-long.com/
318,http://lowe.com/
319,http://www.decker-terrell.org/
320,http://www.graves-cuevas.com/
321,https://www.delgado.info/
322,http://www.edwards.com/
323,http://chen-russell.com/
324,http://www.ruiz.com/
325,https://www.arias.biz/
326,https://www.boone.net/
327,https://www.howard-knox.org/
328,https://www.washington-johnson.com/
329,https://clark-johnson.com/
330,https://compton-harris.com/
331,https://weeks.com/
332,https://www.moss.info/
333,http://www.ellis.com/
334,https://boone.com/
335,https://www.aguirre.com/
336,https://www.lopez.com/
337,http://www.holland.org/
338,http://www.johnson.com/
339,https://patterson-parker.org/
340,http://www.johnson.info/
341,http://vargas-nolan.com/
342,https://www.thomas.biz/
343,http://fuentes.info/
344,http://www.cameron.com/
345,https://www.cruz.net/
346,https://www.green.com/
347,https://www.tucker.com/
348,http://www.rosario.com/
349,http://fischer-lindsey.net/
350,http://www.hodges.com/
351,https://kaiser.info/
352,http://www.evans.com/
353,https://meza.com/
354,http://adams.biz/
355,https://joyce.com/
356,http://peterson-clark.com/
357,https://www.goodwin.com/
358,https://griffin.com/
359,http://reyes-cabrera.com/
360,https://silva-thompson.net/
361,http://griffin.com/
362,https://www.smith-rogers.com/
363,http://www.hood.biz/
364,https://www.herrera-barton.biz/
365,https://lane.info/
366,http://www.cantu.com/
367,https://lang.com/
368,http://www.ross.com/
369,https://www.jordan-huff.info/
370,https://morgan.com/
371,https://jimenez.com/
372,http://www.sims.com/
373,http://stone-carter.com/
374,http://lewis-garcia.org/
375,http://www.peck.com/
376,https://macias.com/
377,https://www.rodriguez-walker.com/
378,https://ramirez-gill.com/
379,https://james.com/
380,http://olsen.info/
381,https://www.acosta.com/
382,http://www.reyes.com/
383,http://williams-torres.biz/
384,http://washington-morris.com/
385,http://www.scott-moore.com/
386,https://contreras.com/
387,https://www.nelson.org/
388,http://www.jenkins.com/
389,https://white.com/
390,https://oliver-rodriguez.com/
391,https://richmond-thompson.biz/
392,https://flores.com/
393,https://flores.info/
394,https://cortez.com/
395,http://noble.com/
396,http://walls.com/
397,http://romero-campbell.com/
398,https://walker.org/
399,https://harris.com/
400,https://www.chambers.com/
401,http://finley.com/
402,https://www.barber-walker.net/
403,https://www.cherry-stewart.org/
404,https://www.jones.com/
405,http://valenzuela-harris.com/
406,https://www.kane.org/
407,https://roberts.com/
408,http://parrish.com/
409,https://www.kirk.com/
410,https://www.logan-perez.com/
411,http://www.baldwin.info/
412,http://mitchell.com/
413,http://strickland-webb.com/
414,http://www.hammond.com/
415,http://www.torres-greene.net/
416,https://hutchinson-parsons.net/
417,https://burnett.net/
418,https://gibson.com/
419,http://johnson-brown.net/
420,http://wright.com/
421,http://www.morales.com/
422,https://www.rhodes-ferguson.com/
423,https://keller.net/
424,http://villarreal.biz/
425,http://murphy-miller.com/
426,http://taylor-clark.net/
427,https://www.torres-collins.org/
428,http://ware.com/
429,http://www.wells.com/
430,https://brown.biz/
431,http://martinez.com/
432,http://roberts-jones.biz/
433,https://herrera.com/
434,http://www.reeves.com/
435,http://townsend.com/
436,https://stone.com/
437,http://www.gardner.com/
438,http://www.contreras-hardy.info/
439,http://benson.net/
440,http://www.taylor.com/
441,http://alexander.com/
442,https://brown.com/
443,http://luna.com/
444,http://sullivan.com/
445,http://garcia.com/
446,https://www.fisher.com/
447,https://williams.net/
448,http://guerrero.info/
449,https://collins-mitchell.com/
450,https://adams.com/
451,http://www.scott.info/
452,http://www.hill.net/
453,http://woods.com/
454,https://mitchell.net/
455,http://www.rodriguez.info/
456,https://ochoa-johnson.info/
457,https://gray.com/
458,http://www.robinson.com/
459,https://carpenter.com/
460,http://wood.net/
461,http://www.owens.com/
462,https://lee.org/
463,http://www.smith.com/
464,http://www.olson.org/
465,https://pineda.info/
466,http://www.villegas.org/
467,https://ho-ramirez.net/
468,http://davis-jones.info/
469,http://www.garcia.info/
470,https://www.crane.com/
471,https://mueller.net/
472,http://davis.net/
473,http://galvan.info/
474,http://www.cox.info/
475,http://herrera.com/
476,http://www.murphy-morris.com/
477,https://www.jones-choi.com/
478,https://www.spence.com/
479,http://www.thompson.biz/
480,http://www.salinas-daniels.com/
481,https://morgan.org/
482,https://www.thomas.com/
483,https://reyes.com/
484,https://www.myers-richmond.biz/
485,http://matthews-clarke.com/
486,http://eaton-shaw.com/
487,http://www.ferguson-conley.org/
488,http://perry.com/
489,http://miller-moore.info/
490,http://schwartz-blackwell.info/
491,http://www.nolan.net/
492,https://www.kelly-ortiz.com/
493,http://www.salinas.net/
494,http://www.stephens.com/
495,https://www.robinson.com/
496,https://www.english.com/
497,https://www.glenn.com/
498,http://www.daniel-reyes.com/
499,http://www.padilla.com/
500,https://harris.com/
501,http://www.wilson-lee.com/
502,http://www.fry.biz/
503,https://patterson-payne.com/
504,http://allen-hartman.com/
505,http://www.graham.biz/
506,http://hale.com/
507,https://grant.net/
508,http://parrish.com/
509,http://www.stanley-bailey.com/
510,https://www.paul.com/
511,http://johnson-villanueva.org/
512,http://www.fuller-george.com/
513,http://www.horne.com/
514,https://young.com/
515,http://www.banks.com/
516,http://www.bailey.com/
517,http://freeman.org/
518,http://www.waller-hayes.com/
519,https://heath.com/
520,https://gilbert.com/
521,https://www.davis.org/
522,https://www.wu.info/
523,http://strong.com/
524,http://thompson-stone.org/
525,http://www.jackson.com/
526,https://www.nguyen-reilly.com/
527,https://morrow-hunt.biz/
528,http://coleman.info/
529,https://vaughn-thomas.com/
530,http://sanders-moore.biz/
531,http://www.king.com/
532,http://patton-hubbard.info/
533,http://erickson-austin.info/
534,https://www.crosby-elliott.org/
535,https://www.sandoval.com/
536,https://www.perez.org/
537,https://harper.com/
538,https://davis.info/
539,https://marsh-gilbert.com/
540,http://brown.net/
541,https://www.taylor.com/
542,http://www.hendricks-flores.com/
543,https://www.diaz.info/
544,http://www.rogers.net/
545,https://www.johns.com/
546,http://www.webb-valdez.com/
547,https://www.clarke.net/
548,https://www.rios.com/
549,https://jones-moreno.biz/
550,http://www.rivas.info/
551,https://bradford.com/
552,http://www.heath.com/
553,http://www.barker.com/
554,http://www.larson.com/
555,https://www.craig.info/
556,http://yates-peterson.biz/
557,https://davis-parsons.info/
558,http://www.wilson-barrera.info/
559,http://www.simon-carr.com/
560,http://www.sanders.biz/
561,https://www.walsh.biz/
562,https://www.curry.com/
563,http://www.zavala-davis.com/
564,http://mcdonald.com/
565,https://white.com/
566,https://santos.info/
567,https://moon-johnson.org/
568,http://www.lee-bird.com/
569,https://morris.info/
570,http://www.harrison-keller.org/
571,https://www.thompson-ross.org/
572,http://www.stewart.net/
573,http://www.nelson.org/
574,https://ortiz-perez.com/
575,http://www.bell.com/
576,http://larsen.net/
577,https://mendoza-odonnell.com/
578,http://duncan.info/
579,http://www.kemp.com/
580,https://www.brown-maddox.net/
581,https://www.lawrence.com/
582,http://www.diaz.info/
583,https://collins.org/
584,http://smith.com/
585,https://www.carlson.net/
586,http://barrett-lee.biz/
587,http://powell-graham.com/
588,http://evans.info/
589,https://www.daniels.biz/
590,http://www.reed-brown.com/
591,http://williams.com/
592,http://glenn.com/
593,http://www.reid.biz/
594,http://www.davis.net/
595,https://www.lewis-lowe.com/
596,http://www.french.org/
597,http://www.sanford.net/
598,http://www.allen.com/
599,http://harvey.com/
600,https://www.bailey-carey.com/
601,https://www.barton-washington.biz/
602,http://www.murray-murphy.com/
603,http://callahan.com/
604,https://whitney.org/
605,https://jimenez.com/
606,http://www.hunt.info/
607,http://morris.com/
608,http://wolfe.com/
609,http://www.brown.com/
610,http://rodriguez.org/
611,https://www.nichols-wells.com/
612,http://spencer.com/
613,https://barron.biz/
614,https://www.pittman.com/
615,https://hammond.com/
616,https://www.rangel.com/
617,http://golden.org/
618,http://allison.com/
619,https://gomez-huerta.com/
620,https://www.lopez-spencer.net/
621,http://www.lewis-logan.com/
622,http://little.com/
623,http://www.meadows-collier.info/
624,http://www.swanson.org/
625,http://lowery-anderson.com/
626,https://www.taylor.org/
627,http://www.smith.com/
628,https://moore-wagner.info/
629,https://www.mcdaniel.com/
630,https://ortiz.com/
631,https://hawkins.com/
632,http://hill.com/
633,https://www.thomas-hooper.com/
634,https://www.davis-ho.biz/
635,https://byrd.com/
636,https://wilson.com/
637,http://www.jones.org/
638,http://www.hernandez.com/
639,http://king.net/
640,http://www.neal.com/
641,http://www.cline.com/
642,http://www.lewis.org/
643,http://www.bender-holmes.com/
644,http://www.gates.com/
645,https://www.nelson.com/
646,https://manning.biz/
647,http://olsen-lowery.com/
648,http://mccoy-robinson.biz/
649,https://moore-miller.com/
650,https://www.baldwin-carrillo.net/
651,http://www.hunter-hall.com/
652,http://www.coffey.com/
653,http://www.gallegos.com/
654,https://www.norton-miller.com/
655,http://gonzalez.com/
656,https://www.garcia.info/
657,https://www.dunlap.com/
658,https://wyatt.com/
659,https://www.strickland.com/
660,https://berry.com/
661,https://www.bush.net/
662,http://patrick.com/
663,http://cole.com/
664,https://www.jones-greer.com/
665,https://www.lee-cruz.com/
666,http://cunningham.com/
667,https://davis-jones.com/
668,http://www.haynes.com/
669,http://www.johnston.com/
670,http://www.johnson.com/
671,http://cox-ross.org/
672,https://palmer.com/
673,https://sandoval-estrada.com/
674,https://www.meza.biz/
675,https://parks.org/
676,http://www.miller-wang.info/
677,http://www.paul-cuevas.com/
678,https://www.miller.biz/
679,http://li.org/
680,http://simpson.com/
681,http://schroeder.org/
682,http://www.james-evans.com/
683,http://www.grant.com/
684,http://www.johns-mcbride.org/
685,https://www.cardenas.info/
686,http://gill.info/
687,http://www.ferguson-hodges.com/
688,http://www.ortiz.info/
689,http://king-guerra.com/
690,http://gonzalez-brady.com/
691,https://www.jordan.com/
692,http://www.bennett-rojas.com/
693,https://www.tanner.org/
694,https://taylor-hayes.com/
695,https://www.robles.com/
696,https://www.richards.com/
697,http://www.white-campbell.org/
698,http://www.williams-ramirez.org/
699,https://ramirez.com/
700,https://garcia.com/
701,https://carlson-padilla.com/
702,http://tran.net/
703,https://horn.net/
704,http://www.johnson.com/
705,https://www.martin.com/
706,https://www.farley-arias.info/
707,https://www.hahn.com/
708,https://www.mcdaniel-cole.com/
709,http://www.phillips.com/
710,http://www.underwood.com/
711,https://www.stephenson.net/
712,http://www.morgan-jackson.com/
713,https://anderson.org/
714,https://www.nguyen-hines.com/
715,https://www.ellison.info/
716,https://shaw-lewis.com/
717,https://www.wade.org/
718,http://jones-jones.com/
719,https://castro.com/
720,https://allen.net/
721,http://pena.biz/
722,https://www.knight.net/
723,http://murray.com/
724,https://www.pham.com/
725,http://johnson.info/
726,http://www.jones-warren.com/
727,http://www.horne-allen.info/
728,http://ford.com/
729,http://www.rose.com/
730,https://www.valdez.com/
731,http://www.martinez.com/
732,https://benson.com/
733,https://www.perez-montgomery.com/
734,http://white.com/
735,https://www.williams.com/
736,http://lane.com/
737,http://www.diaz-jensen.com/
738,https://weiss-leonard.info/
739,http://www.brown-ryan.com/
740,http://www.blake.com/
741,http://curtis-buck.com/
742,https://www.green.com/
743,http://torres.com/
744,http://lewis-byrd.com/
745,http://www.castillo-williams.info/
746,http://www.osborn.com/
747,http://www.terry-bailey.biz/
748,http://www.allen-jackson.com/
749,https://www.davis.com/
750,https://hensley-thompson.info/
751,http://ferguson.com/
752,http://holmes-salas.com/
753,http://www.bowers-dunn.biz/
754,https://www.graham-schneider.com/
755,https://patel.com/
756,https://williams-hooper.net/
757,https://www.fisher.biz/
758,https://robinson-parsons.com/
759,http://rhodes.org/
760,http://www.waller-davis.info/
761,https://www.hunt-jackson.com/
762,https://cobb-walker.org/
763,https://www.sullivan.org/
764,https://www.edwards.com/
765,http://www.price.biz/
766,http://www.dunn.com/
767,http://watkins.com/
768,http://miller.com/
769,http://gonzales.com/
770,http://wolf.biz/
771,https://www.martinez.com/
772,https://www.cooper.com/
773,http://white.com/
774,https://wright.biz/
775,http://sutton-wright.net/
776,http://hess-rivera.com/
777,https://reilly-bird.com/
778,https://www.brown.info/
779,http://www.scott-mccormick.com/
780,http://rasmussen-smith.org/
781,https://www.flores-gonzalez.info/
782,https://moore-grimes.net/
783,http://allen-gutierrez.com/
784,http://robinson.net/
785,https://www.perry.com/
786,http://www.clay.info/
787,https://watkins-rivera.net/
788,http://www.patterson.org/
789,https://www.logan.com/
790,https://www.brown.org/
791,http://cobb.biz/
792,http://jimenez.info/
793,https://www.brown-holmes.info/
794,http://www.robinson-morris.com/
795,http://www.davis.info/
796,http://www.shelton.com/
797,https://white.biz/
798,https://collins-smith.net/
799,https://www.pitts.com/
800,http://lane-phillips.biz/
801,https://hickman-hawkins.com/
802,http://best.info/
803,http://guzman-anderson.com/
804,https://www.johnson-holland.org/
805,http://hobbs.org/
806,http://www.barnett-fuller.info/
807,https://carter-kim.net/
808,http://johnson.com/
809,http://www.valdez.com/
810,http://thompson.com/
811,https://brooks-petersen.net/
812,https://dixon.biz/
813,http://butler.biz/
814,https://harris-moss.info/
815,https://www.olsen.org/
816,https://brown.com/
817,http://harris.org/
818,http://www.hanna.org/
819,http://vaughn.biz/
820,http://www.walker.com/
821,https://larson.com/
822,https://www.hernandez.biz/
823,http://www.salazar-roy.info/
824,https://www.jones.com/
825,http://www.montoya-hall.info/
826,http://www.ochoa-williams.com/
827,http://www.stewart-key.biz/
828,https://www.taylor-morgan.org/
829,https://www.miller-rogers.com/
830,https://sanders.info/
831,https://brown-miller.com/
832,https://www.king.com/
833,http://rasmussen.com/
834,https://rodriguez.com/
835,https://www.wright.com/
836,http://www.crawford.net/
837,https://anderson.com/
838,http://foster.biz/
839,https://kelly-harris.biz/
840,https://www.bass.com/
841,https://www.rodriguez.com/
842,https://peters-bryan.com/
843,http://anderson-carr.com/
844,https://harvey.com/
845,https://www.hernandez-murphy.info/
846,http://rogers.com/
847,https://schroeder.com/
848,http://www.wong.com/
849,https://perez-taylor.org/
850,https://www.golden-lane.biz/
851,https://www.wells-rivera.net/
852,https://ho.org/
853,http://travis.org/
854,http://www.rogers.org/
855,https://www.reeves-jenkins.com/
856,https://smith-smith.info/
857,https://www.bonilla-williams.net/
858,https://smith.info/
859,http://www.wright.info/
860,https://everett.info/
861,http://johnson-davis.net/
862,http://www.miller.com/
863,http://cardenas-graham.info/
864,http://murphy.com/
865,http://www.williams.org/
866,http://white.biz/
867,http://gallagher.com/
868,https://www.schmitt.com/
869,https://www.davila.info/
870,https://www.wood.com/
871,https://pope.com/
872,http://taylor.com/
873,https://hunt-gardner.com/
874,http://graham-bauer.biz/
875,https://www.landry.biz/
876,https://morgan.com/
877,http://smith-jordan.org/
878,https://barnes.org/
879,http://www.duran.com/
880,https://silva-walker.org/
881,http://taylor-dennis.info/
882,http://www.tran.com/
883,http://lewis.com/
884,http://barajas-gross.com/
885,https://jackson.com/
886,http://jones.info/
887,http://martin-morales.com/
888,https://gonzales-carlson.com/
889,http://www.johnson.info/
890,https://graham.com/
891,http://matthews-hubbard.com/
892,http://www.richards.org/
893,https://day.info/
894,http://www.mitchell.com/
895,http://www.howard.biz/
896,http://www.fitzpatrick.com/
897,http://sawyer-simmons.info/
898,http://anderson.com/
899,http://welch.net/
900,http://www.pierce-boyle.com/
901,http://www.adkins-walsh.com/
902,https://www.freeman-santiago.org/
903,http://adams.org/
904,http://smith.com/
905,http://meyer-beasley.com/
906,https://williams.com/
907,http://ross.com/
908,https://www.pope.com/
909,http://williams.com/
910,https://www.collins.com/
911,http://stafford.biz/
912,https://haynes.com/
913,http://figueroa.com/
914,http://miller-smith.info/
915,http://goodman.com/
916,http://davis.biz/
917,http://www.bailey.com/
918,https://www.norris-ross.com/
919,https://edwards.com/
920,http://williams.com/
921,https://www.oliver-jones.com/
922,http://lee.com/
923,http://www.anderson.org/
924,https://www.may.com/
925,https://www.becker.info/
926,https://www.wheeler.info/
927,http://www.gonzalez-williams.com/
928,https://blake-jones.com/
929,http://www.whitehead.com/
930,https://www.hodges-davenport.info/
931,https://www.scott.com/
932,http://www.baker-aguilar.com/
933,http://moore.com/
934,http://campbell.info/
935,http://www.lane-boone.biz/
936,https://www.sanchez.com/
937,http://kim-wang.com/
938,https://www.ashley-miller.org/
939,https://www.curtis.com/
940,http://mcclure-thompson.com/
941,https://www.fuller.net/
942,https://ray.com/
943,https://www.ward.com/
944,https://www.hernandez.com/
945,http://www.aguirre-haas.com/
946,https://beasley.net/
947,http://lawrence.info/
948,http://www.jones.net/
949,https://russell.com/
950,http://www.hernandez.com/
951,http://www.brooks.biz/
952,http://www.cruz.info/
953,http://lopez-brady.net/
954,http://www.ray.biz/
955,http://harper-anderson.com/
956,http://www.vazquez-brown.com/
957,http://hatfield-ware.com/
958,http://www.hayes.biz/
959,https://www.chavez.org/
960,https://www.velasquez-miller.com/
961,http://wilson.com/
962,https://johnston.com/
963,http://byrd.com/
964,https://www.davenport.net/
965,http://www.walker.net/
966,http://www.smith.com/
967,http://www.reyes.org/
968,http://dominguez-pruitt.com/
969,https://www.williams.com/
970,https://west-riley.org/
971,http://www.hale-paul.org/
972,http://huffman-velez.org/
973,https://maldonado.com/
974,https://little.com/
975,http://www.anderson-boyle.com/
976,http://cervantes-irwin.net/
977,http://scott-lozano.info/
978,http://powell.org/
979,http://hall-park.com/
980,https://www.spence.biz/
981,http://www.simpson.com/
982,https://mckinney-perry.com/
983,http://salinas.com/
984,https://www.jackson.info/
985,https://www.foster.com/
986,https://www.blake.com/
987,http://www.gonzalez.com/
988,https://lewis-nguyen.com/
989,http://petersen-owens.com/
990,https://www.navarro.com/
991,http://brooks.com/
992,https://www.hendricks.com/
993,http://stone.com/
994,https://garcia.com/
995,https://ewing.info/
996,https://goodman-rojas.info/
997,https://miller.com/
998,http://www.lawrence.biz/
999,http://www.guerrero.com/
1000,https://reyes-howe.com/
